target,tier,method,brier,brier_skill,ece,mce,n_positive,n_total
shd_moderate_or_greater_flag,cnn_ecg_and_demographics,raw,0.16327,0.33229,0.04158,0.08924,2318,5442
shd_moderate_or_greater_flag,cnn_ecg_and_demographics,platt,0.15825,0.35279,0.01991,0.03159,1159,2721
shd_moderate_or_greater_flag,cnn_ecg_and_demographics,isotonic,0.15907,0.34946,0.02582,0.04963,1159,2721
lvef_lte_45_flag,cnn_ecg_and_demographics,raw,0.13582,0.06668,0.18703,0.34729,962,5442
lvef_lte_45_flag,cnn_ecg_and_demographics,platt,0.08513,0.41498,0.01227,0.02466,481,2721
lvef_lte_45_flag,cnn_ecg_and_demographics,isotonic,0.08597,0.40921,0.01391,0.04148,481,2721
lvwt_gte_13_flag,cnn_ecg_and_demographics,raw,0.19232,-0.22532,0.22081,0.32796,1061,5442
lvwt_gte_13_flag,cnn_ecg_and_demographics,platt,0.13613,0.13203,0.0138,0.03186,530,2721
lvwt_gte_13_flag,cnn_ecg_and_demographics,isotonic,0.13669,0.12848,0.01227,0.02588,530,2721
aortic_stenosis_moderate_or_greater_flag,cnn_ecg_and_demographics,raw,0.17003,-2.41474,0.27177,0.63294,286,5442
aortic_stenosis_moderate_or_greater_flag,cnn_ecg_and_demographics,platt,0.03895,0.21768,0.00741,0.02146,143,2721
aortic_stenosis_moderate_or_greater_flag,cnn_ecg_and_demographics,isotonic,0.03885,0.21979,0.01021,0.04211,143,2721
aortic_regurgitation_moderate_or_greater_flag,cnn_ecg_and_demographics,raw,0.13875,-10.5811,0.24966,0.74555,66,5442
aortic_regurgitation_moderate_or_greater_flag,cnn_ecg_and_demographics,platt,0.01177,0.01776,0.00487,0.01525,33,2721
aortic_regurgitation_moderate_or_greater_flag,cnn_ecg_and_demographics,isotonic,0.0118,0.01546,0.00504,0.00957,33,2721
mitral_regurgitation_moderate_or_greater_flag,cnn_ecg_and_demographics,raw,0.16634,-1.86347,0.27351,0.57389,337,5442
mitral_regurgitation_moderate_or_greater_flag,cnn_ecg_and_demographics,platt,0.05117,0.11664,0.00955,0.02167,168,2721
mitral_regurgitation_moderate_or_greater_flag,cnn_ecg_and_demographics,isotonic,0.05139,0.11296,0.00473,0.01775,168,2721
tricuspid_regurgitation_moderate_or_greater_flag,cnn_ecg_and_demographics,raw,0.14658,-1.41647,0.25453,0.53561,353,5442
tricuspid_regurgitation_moderate_or_greater_flag,cnn_ecg_and_demographics,platt,0.05138,0.15072,0.00741,0.02378,176,2721
tricuspid_regurgitation_moderate_or_greater_flag,cnn_ecg_and_demographics,isotonic,0.05237,0.13436,0.00852,0.0247,176,2721
pulmonary_regurgitation_moderate_or_greater_flag,cnn_ecg_and_demographics,raw,0.05681,-14.51422,0.10009,0.6686,20,5442
pulmonary_regurgitation_moderate_or_greater_flag,cnn_ecg_and_demographics,platt,,,,,10,2721
pulmonary_regurgitation_moderate_or_greater_flag,cnn_ecg_and_demographics,isotonic,,,,,10,2721
rv_systolic_dysfunction_moderate_or_greater_flag,cnn_ecg_and_demographics,raw,0.13096,-0.84273,0.2262,0.47526,419,5442
rv_systolic_dysfunction_moderate_or_greater_flag,cnn_ecg_and_demographics,platt,0.05176,0.27326,0.00945,0.03746,210,2721
rv_systolic_dysfunction_moderate_or_greater_flag,cnn_ecg_and_demographics,isotonic,0.05285,0.25799,0.0069,0.02543,210,2721
pericardial_effusion_moderate_large_flag,cnn_ecg_and_demographics,raw,0.13912,-10.11358,0.30595,0.67157,69,5442
pericardial_effusion_moderate_large_flag,cnn_ecg_and_demographics,platt,0.01214,0.01575,0.00489,0.01061,34,2721
pericardial_effusion_moderate_large_flag,cnn_ecg_and_demographics,isotonic,0.01235,-0.00102,0.00573,0.0146,34,2721
pasp_gte_45_flag,cnn_ecg_and_demographics,raw,0.16042,-0.43297,0.22193,0.41767,699,5442
pasp_gte_45_flag,cnn_ecg_and_demographics,platt,0.0938,0.16111,0.01388,0.03384,349,2721
pasp_gte_45_flag,cnn_ecg_and_demographics,isotonic,0.0942,0.15747,0.00913,0.04904,349,2721
tr_max_gte_32_flag,cnn_ecg_and_demographics,raw,0.164,-1.55614,0.26041,0.58103,375,5442
tr_max_gte_32_flag,cnn_ecg_and_demographics,platt,0.05857,0.0849,0.011,0.03395,187,2721
tr_max_gte_32_flag,cnn_ecg_and_demographics,isotonic,0.05894,0.07909,0.00846,0.01899,187,2721
shd_moderate_or_greater_flag,cnn_raw_waveform,raw,0.16479,0.32606,0.00942,0.03145,2318,5442
shd_moderate_or_greater_flag,cnn_raw_waveform,platt,0.16365,0.33071,0.02122,0.04819,1159,2721
shd_moderate_or_greater_flag,cnn_raw_waveform,isotonic,0.16583,0.32182,0.03173,0.08711,1159,2721
lvef_lte_45_flag,cnn_raw_waveform,raw,0.11708,0.19545,0.14002,0.24134,962,5442
lvef_lte_45_flag,cnn_raw_waveform,platt,0.08723,0.40055,0.01667,0.02973,481,2721
lvef_lte_45_flag,cnn_raw_waveform,isotonic,0.08802,0.39515,0.0166,0.0715,481,2721
lvwt_gte_13_flag,cnn_raw_waveform,raw,0.19165,-0.22104,0.22124,0.31047,1061,5442
lvwt_gte_13_flag,cnn_raw_waveform,platt,0.13917,0.11269,0.02001,0.0483,530,2721
lvwt_gte_13_flag,cnn_raw_waveform,isotonic,0.13981,0.10861,0.01528,0.05847,530,2721
aortic_stenosis_moderate_or_greater_flag,cnn_raw_waveform,raw,0.15702,-2.15348,0.28005,0.55684,286,5442
aortic_stenosis_moderate_or_greater_flag,cnn_raw_waveform,platt,0.04551,0.08606,0.01188,0.03789,143,2721
aortic_stenosis_moderate_or_greater_flag,cnn_raw_waveform,isotonic,0.04715,0.05305,0.0143,0.06739,143,2721
aortic_regurgitation_moderate_or_greater_flag,cnn_raw_waveform,raw,0.12345,-9.30405,0.2334,0.68909,66,5442
aortic_regurgitation_moderate_or_greater_flag,cnn_raw_waveform,platt,0.01186,0.01013,0.00613,0.01808,33,2721
aortic_regurgitation_moderate_or_greater_flag,cnn_raw_waveform,isotonic,0.01185,0.01071,0.00468,0.01388,33,2721
mitral_regurgitation_moderate_or_greater_flag,cnn_raw_waveform,raw,0.13891,-1.39123,0.23649,0.51745,337,5442
mitral_regurgitation_moderate_or_greater_flag,cnn_raw_waveform,platt,0.05131,0.11434,0.01308,0.03172,168,2721
mitral_regurgitation_moderate_or_greater_flag,cnn_raw_waveform,isotonic,0.05182,0.10552,0.00995,0.03166,168,2721
tricuspid_regurgitation_moderate_or_greater_flag,cnn_raw_waveform,raw,0.14156,-1.33365,0.2478,0.51859,353,5442
tricuspid_regurgitation_moderate_or_greater_flag,cnn_raw_waveform,platt,0.05262,0.13024,0.00791,0.01893,176,2721
tricuspid_regurgitation_moderate_or_greater_flag,cnn_raw_waveform,isotonic,0.05234,0.1348,0.0072,0.02072,176,2721
pulmonary_regurgitation_moderate_or_greater_flag,cnn_raw_waveform,raw,0.07488,-19.44885,0.12643,0.7493,20,5442
pulmonary_regurgitation_moderate_or_greater_flag,cnn_raw_waveform,platt,,,,,10,2721
pulmonary_regurgitation_moderate_or_greater_flag,cnn_raw_waveform,isotonic,,,,,10,2721
rv_systolic_dysfunction_moderate_or_greater_flag,cnn_raw_waveform,raw,0.12489,-0.75736,0.2161,0.46523,419,5442
rv_systolic_dysfunction_moderate_or_greater_flag,cnn_raw_waveform,platt,0.05109,0.28261,0.00983,0.04664,210,2721
rv_systolic_dysfunction_moderate_or_greater_flag,cnn_raw_waveform,isotonic,0.05269,0.26014,0.0113,0.03235,210,2721
pericardial_effusion_moderate_large_flag,cnn_raw_waveform,raw,0.15177,-11.1235,0.31761,0.70954,69,5442
pericardial_effusion_moderate_large_flag,cnn_raw_waveform,platt,0.01237,-0.00246,0.00444,0.01242,34,2721
pericardial_effusion_moderate_large_flag,cnn_raw_waveform,isotonic,0.0124,-0.00522,0.00306,0.01202,34,2721
pasp_gte_45_flag,cnn_raw_waveform,raw,0.15751,-0.40702,0.2093,0.40572,699,5442
pasp_gte_45_flag,cnn_raw_waveform,platt,0.09642,0.13764,0.01454,0.05121,349,2721
pasp_gte_45_flag,cnn_raw_waveform,isotonic,0.09715,0.13114,0.01244,0.03407,349,2721
tr_max_gte_32_flag,cnn_raw_waveform,raw,0.15695,-1.44629,0.25612,0.52927,375,5442
tr_max_gte_32_flag,cnn_raw_waveform,platt,0.05935,0.07272,0.01339,0.03165,187,2721
tr_max_gte_32_flag,cnn_raw_waveform,isotonic,0.05957,0.0692,0.00813,0.02122,187,2721
shd_moderate_or_greater_flag,cnn_raw_waveform_v2,raw,0.16503,0.32506,0.01274,0.03746,2318,5442
shd_moderate_or_greater_flag,cnn_raw_waveform_v2,platt,0.16245,0.33564,0.01991,0.05437,1159,2721
shd_moderate_or_greater_flag,cnn_raw_waveform_v2,isotonic,0.16349,0.33138,0.02839,0.05169,1159,2721
lvef_lte_45_flag,cnn_raw_waveform_v2,raw,0.12386,0.14885,0.1509,0.27976,962,5442
lvef_lte_45_flag,cnn_raw_waveform_v2,platt,0.0922,0.36646,0.02004,0.0768,481,2721
lvef_lte_45_flag,cnn_raw_waveform_v2,isotonic,0.09229,0.3658,0.01216,0.06395,481,2721
lvwt_gte_13_flag,cnn_raw_waveform_v2,raw,0.18354,-0.16937,0.20114,0.30669,1061,5442
lvwt_gte_13_flag,cnn_raw_waveform_v2,platt,0.1382,0.11888,0.02227,0.03619,530,2721
lvwt_gte_13_flag,cnn_raw_waveform_v2,isotonic,0.13902,0.1136,0.02354,0.05293,530,2721
aortic_stenosis_moderate_or_greater_flag,cnn_raw_waveform_v2,raw,0.17993,-2.61366,0.29485,0.61214,286,5442
aortic_stenosis_moderate_or_greater_flag,cnn_raw_waveform_v2,platt,0.0452,0.09223,0.00658,0.02366,143,2721
aortic_stenosis_moderate_or_greater_flag,cnn_raw_waveform_v2,isotonic,0.04587,0.07882,0.00855,0.03089,143,2721
aortic_regurgitation_moderate_or_greater_flag,cnn_raw_waveform_v2,raw,0.12313,-9.27708,0.21028,0.74814,66,5442
aortic_regurgitation_moderate_or_greater_flag,cnn_raw_waveform_v2,platt,0.01182,0.01369,0.00476,0.01583,33,2721
aortic_regurgitation_moderate_or_greater_flag,cnn_raw_waveform_v2,isotonic,0.0119,0.0065,0.00162,0.00288,33,2721
mitral_regurgitation_moderate_or_greater_flag,cnn_raw_waveform_v2,raw,0.14831,-1.55301,0.24212,0.5732,337,5442
mitral_regurgitation_moderate_or_greater_flag,cnn_raw_waveform_v2,platt,0.0528,0.08849,0.00869,0.02225,168,2721
mitral_regurgitation_moderate_or_greater_flag,cnn_raw_waveform_v2,isotonic,0.0529,0.08689,0.01025,0.02247,168,2721
tricuspid_regurgitation_moderate_or_greater_flag,cnn_raw_waveform_v2,raw,0.11958,-0.97134,0.19793,0.50562,353,5442
tricuspid_regurgitation_moderate_or_greater_flag,cnn_raw_waveform_v2,platt,0.05255,0.13132,0.00917,0.01768,176,2721
tricuspid_regurgitation_moderate_or_greater_flag,cnn_raw_waveform_v2,isotonic,0.05327,0.11956,0.01341,0.03763,176,2721
pulmonary_regurgitation_moderate_or_greater_flag,cnn_raw_waveform_v2,raw,0.02238,-5.11196,0.04302,0.35662,20,5442
pulmonary_regurgitation_moderate_or_greater_flag,cnn_raw_waveform_v2,platt,,,,,10,2721
pulmonary_regurgitation_moderate_or_greater_flag,cnn_raw_waveform_v2,isotonic,,,,,10,2721
rv_systolic_dysfunction_moderate_or_greater_flag,cnn_raw_waveform_v2,raw,0.10168,-0.43084,0.15993,0.40892,419,5442
rv_systolic_dysfunction_moderate_or_greater_flag,cnn_raw_waveform_v2,platt,0.05616,0.21149,0.00612,0.02722,210,2721
rv_systolic_dysfunction_moderate_or_greater_flag,cnn_raw_waveform_v2,isotonic,0.05695,0.20037,0.01092,0.05588,210,2721
pericardial_effusion_moderate_large_flag,cnn_raw_waveform_v2,raw,0.107,-7.54759,0.23624,0.65451,69,5442
pericardial_effusion_moderate_large_flag,cnn_raw_waveform_v2,platt,0.01212,0.01768,0.00232,0.00544,34,2721
pericardial_effusion_moderate_large_flag,cnn_raw_waveform_v2,isotonic,0.01231,0.00266,0.00062,0.0008,34,2721
pasp_gte_45_flag,cnn_raw_waveform_v2,raw,0.15483,-0.38308,0.20585,0.3817,699,5442
pasp_gte_45_flag,cnn_raw_waveform_v2,platt,0.0984,0.11991,0.00851,0.04762,349,2721
pasp_gte_45_flag,cnn_raw_waveform_v2,isotonic,0.09865,0.11771,0.01655,0.06896,349,2721
tr_max_gte_32_flag,cnn_raw_waveform_v2,raw,0.13899,-1.16627,0.21674,0.54932,375,5442
tr_max_gte_32_flag,cnn_raw_waveform_v2,platt,0.05894,0.07916,0.00738,0.0143,187,2721
tr_max_gte_32_flag,cnn_raw_waveform_v2,isotonic,0.05873,0.08244,0.00873,0.0183,187,2721
shd_moderate_or_greater_flag,combined,raw,0.17391,0.28878,0.0478,0.07334,2318,5442
shd_moderate_or_greater_flag,combined,platt,0.17146,0.29879,0.01113,0.03123,1159,2721
shd_moderate_or_greater_flag,combined,isotonic,0.17231,0.2953,0.02408,0.06216,1159,2721
lvef_lte_45_flag,combined,raw,0.1001,0.31212,0.02745,0.04242,962,5442
lvef_lte_45_flag,combined,platt,0.09395,0.35438,0.01863,0.05257,481,2721
lvef_lte_45_flag,combined,isotonic,0.09491,0.3478,0.02174,0.05067,481,2721
lvwt_gte_13_flag,combined,raw,0.13669,0.1291,0.023,0.06146,1061,5442
lvwt_gte_13_flag,combined,platt,0.13596,0.13311,0.01938,0.03845,530,2721
lvwt_gte_13_flag,combined,isotonic,0.13622,0.13145,0.00871,0.03232,530,2721
aortic_stenosis_moderate_or_greater_flag,combined,raw,0.16638,-2.34152,0.28129,0.59525,286,5442
aortic_stenosis_moderate_or_greater_flag,combined,platt,0.04357,0.12499,0.0068,0.0291,143,2721
aortic_stenosis_moderate_or_greater_flag,combined,isotonic,0.04379,0.12052,0.00801,0.02148,143,2721
aortic_regurgitation_moderate_or_greater_flag,combined,raw,0.01489,-0.24307,0.04194,0.1199,66,5442
aortic_regurgitation_moderate_or_greater_flag,combined,platt,0.01187,0.00958,0.00393,0.00805,33,2721
aortic_regurgitation_moderate_or_greater_flag,combined,isotonic,0.01186,0.01012,0.00273,0.00746,33,2721
mitral_regurgitation_moderate_or_greater_flag,combined,raw,0.05329,0.08271,0.01555,0.06447,337,5442
mitral_regurgitation_moderate_or_greater_flag,combined,platt,0.05394,0.06888,0.01298,0.04951,168,2721
mitral_regurgitation_moderate_or_greater_flag,combined,isotonic,0.05378,0.07171,0.00946,0.01757,168,2721
tricuspid_regurgitation_moderate_or_greater_flag,combined,raw,0.05514,0.09104,0.0253,0.07849,353,5442
tricuspid_regurgitation_moderate_or_greater_flag,combined,platt,0.05543,0.08376,0.00991,0.02377,176,2721
tricuspid_regurgitation_moderate_or_greater_flag,combined,isotonic,0.05509,0.08939,0.00757,0.01855,176,2721
pulmonary_regurgitation_moderate_or_greater_flag,combined,raw,0.00664,-0.81312,0.00574,0.03907,20,5442
pulmonary_regurgitation_moderate_or_greater_flag,combined,platt,,,,,10,2721
pulmonary_regurgitation_moderate_or_greater_flag,combined,isotonic,,,,,10,2721
rv_systolic_dysfunction_moderate_or_greater_flag,combined,raw,0.05774,0.18745,0.0264,0.04353,419,5442
rv_systolic_dysfunction_moderate_or_greater_flag,combined,platt,0.05728,0.1957,0.00494,0.01801,210,2721
rv_systolic_dysfunction_moderate_or_greater_flag,combined,isotonic,0.05702,0.19946,0.00456,0.01578,210,2721
pericardial_effusion_moderate_large_flag,combined,raw,0.16675,-12.32041,0.35617,0.67462,69,5442
pericardial_effusion_moderate_large_flag,combined,platt,0.01219,0.01229,0.00517,0.01339,34,2721
pericardial_effusion_moderate_large_flag,combined,isotonic,0.01215,0.01519,0.00227,0.00401,34,2721
pasp_gte_45_flag,combined,raw,0.09873,0.11806,0.03831,0.04866,699,5442
pasp_gte_45_flag,combined,platt,0.09723,0.13044,0.00889,0.02481,349,2721
pasp_gte_45_flag,combined,isotonic,0.09824,0.12136,0.01467,0.02962,349,2721
tr_max_gte_32_flag,combined,raw,0.06128,0.04487,0.02144,0.07314,375,5442
tr_max_gte_32_flag,combined,platt,0.06182,0.03403,0.01651,0.07583,187,2721
tr_max_gte_32_flag,combined,isotonic,0.06297,0.01606,0.01946,0.09167,187,2721
shd_moderate_or_greater_flag,demographics,raw,0.22358,0.08564,0.08619,0.12148,2318,5442
shd_moderate_or_greater_flag,demographics,platt,0.21399,0.12486,0.01559,0.03616,1159,2721
shd_moderate_or_greater_flag,demographics,isotonic,0.21471,0.12191,0.02151,0.0757,1159,2721
lvef_lte_45_flag,demographics,raw,0.2226,-0.52966,0.28619,0.36319,962,5442
lvef_lte_45_flag,demographics,platt,0.13664,0.06107,0.01977,0.03114,481,2721
lvef_lte_45_flag,demographics,isotonic,0.1368,0.05997,0.01342,0.03828,481,2721
lvwt_gte_13_flag,demographics,raw,0.23284,-0.48351,0.28336,0.37866,1061,5442
lvwt_gte_13_flag,demographics,platt,0.1504,0.0411,0.01888,0.04649,530,2721
lvwt_gte_13_flag,demographics,isotonic,0.15034,0.04143,0.01735,0.08354,530,2721
aortic_stenosis_moderate_or_greater_flag,demographics,raw,0.18217,-2.65868,0.28955,0.63865,286,5442
aortic_stenosis_moderate_or_greater_flag,demographics,platt,0.04332,0.12989,0.00798,0.01645,143,2721
aortic_stenosis_moderate_or_greater_flag,demographics,isotonic,0.04413,0.11371,0.00655,0.01744,143,2721
aortic_regurgitation_moderate_or_greater_flag,demographics,raw,0.01217,-0.01604,0.00828,0.03169,66,5442
aortic_regurgitation_moderate_or_greater_flag,demographics,platt,0.01197,0.00073,0.00568,0.00936,33,2721
aortic_regurgitation_moderate_or_greater_flag,demographics,isotonic,0.01193,0.00434,0.00434,0.00737,33,2721
mitral_regurgitation_moderate_or_greater_flag,demographics,raw,0.23444,-3.03572,0.4079,0.54596,337,5442
mitral_regurgitation_moderate_or_greater_flag,demographics,platt,0.05707,0.01482,0.00766,0.0139,168,2721
mitral_regurgitation_moderate_or_greater_flag,demographics,isotonic,0.05713,0.0138,0.00869,0.01738,168,2721
tricuspid_regurgitation_moderate_or_greater_flag,demographics,raw,0.23365,-2.85189,0.40813,0.53848,353,5442
tricuspid_regurgitation_moderate_or_greater_flag,demographics,platt,0.06009,0.00675,0.01669,0.0429,176,2721
tricuspid_regurgitation_moderate_or_greater_flag,demographics,isotonic,0.0602,0.00497,0.0184,0.05432,176,2721
pulmonary_regurgitation_moderate_or_greater_flag,demographics,raw,0.00417,-0.13816,0.00665,0.04306,20,5442
pulmonary_regurgitation_moderate_or_greater_flag,demographics,platt,,,,,10,2721
pulmonary_regurgitation_moderate_or_greater_flag,demographics,isotonic,,,,,10,2721
rv_systolic_dysfunction_moderate_or_greater_flag,demographics,raw,0.21938,-2.08706,0.37231,0.51866,419,5442
rv_systolic_dysfunction_moderate_or_greater_flag,demographics,platt,0.06934,0.0264,0.00957,0.02939,210,2721
rv_systolic_dysfunction_moderate_or_greater_flag,demographics,isotonic,0.06993,0.01816,0.00335,0.01524,210,2721
pericardial_effusion_moderate_large_flag,demographics,raw,0.20688,-15.52569,0.42068,0.64917,69,5442
pericardial_effusion_moderate_large_flag,demographics,platt,0.01228,0.00469,0.00607,0.01743,34,2721
pericardial_effusion_moderate_large_flag,demographics,isotonic,0.01231,0.00267,0.00447,0.0101,34,2721
pasp_gte_45_flag,demographics,raw,0.23289,-1.08036,0.3487,0.41694,699,5442
pasp_gte_45_flag,demographics,platt,0.10776,0.03618,0.01424,0.02549,349,2721
pasp_gte_45_flag,demographics,isotonic,0.10812,0.03304,0.00755,0.01767,349,2721
tr_max_gte_32_flag,demographics,raw,0.23372,-2.64276,0.40037,0.54474,375,5442
tr_max_gte_32_flag,demographics,platt,0.06339,0.00951,0.01591,0.03895,187,2721
tr_max_gte_32_flag,demographics,isotonic,0.064,-2e-05,0.02096,0.043,187,2721
shd_moderate_or_greater_flag,tabular_ecg,raw,0.19973,0.18317,0.07121,0.13175,2318,5442
shd_moderate_or_greater_flag,tabular_ecg,platt,0.19288,0.21118,0.02218,0.06444,1159,2721
shd_moderate_or_greater_flag,tabular_ecg,isotonic,0.19446,0.20473,0.03345,0.06112,1159,2721
lvef_lte_45_flag,tabular_ecg,raw,0.11946,0.17913,0.03518,0.0583,962,5442
lvef_lte_45_flag,tabular_ecg,platt,0.11604,0.20261,0.01269,0.02305,481,2721
lvef_lte_45_flag,tabular_ecg,isotonic,0.11686,0.19699,0.02407,0.05934,481,2721
lvwt_gte_13_flag,tabular_ecg,raw,0.14728,0.06165,0.03399,0.06781,1061,5442
lvwt_gte_13_flag,tabular_ecg,platt,0.14725,0.06118,0.0187,0.04821,530,2721
lvwt_gte_13_flag,tabular_ecg,isotonic,0.14791,0.05694,0.01542,0.03898,530,2721
aortic_stenosis_moderate_or_greater_flag,tabular_ecg,raw,0.04523,0.09155,0.00872,0.0228,286,5442
aortic_stenosis_moderate_or_greater_flag,tabular_ecg,platt,0.04616,0.07287,0.00873,0.03199,143,2721
aortic_stenosis_moderate_or_greater_flag,tabular_ecg,isotonic,0.04604,0.07529,0.01009,0.03517,143,2721
aortic_regurgitation_moderate_or_greater_flag,tabular_ecg,raw,0.21618,-17.04421,0.43576,0.68004,66,5442
aortic_regurgitation_moderate_or_greater_flag,tabular_ecg,platt,0.01195,0.0023,0.00683,0.02669,33,2721
aortic_regurgitation_moderate_or_greater_flag,tabular_ecg,isotonic,0.01199,-0.00109,0.0077,0.02307,33,2721
mitral_regurgitation_moderate_or_greater_flag,tabular_ecg,raw,0.0558,0.0394,0.02274,0.08174,337,5442
mitral_regurgitation_moderate_or_greater_flag,tabular_ecg,platt,0.05514,0.04822,0.01705,0.05756,168,2721
mitral_regurgitation_moderate_or_greater_flag,tabular_ecg,isotonic,0.05416,0.06513,0.00593,0.02564,168,2721
tricuspid_regurgitation_moderate_or_greater_flag,tabular_ecg,raw,0.05989,0.01271,0.03343,0.10959,353,5442
tricuspid_regurgitation_moderate_or_greater_flag,tabular_ecg,platt,0.05963,0.01443,0.01226,0.05591,176,2721
tricuspid_regurgitation_moderate_or_greater_flag,tabular_ecg,isotonic,0.0591,0.02316,0.01383,0.06348,176,2721
pulmonary_regurgitation_moderate_or_greater_flag,tabular_ecg,raw,0.0044,-0.2027,0.00567,0.0368,20,5442
pulmonary_regurgitation_moderate_or_greater_flag,tabular_ecg,platt,,,,,10,2721
pulmonary_regurgitation_moderate_or_greater_flag,tabular_ecg,isotonic,,,,,10,2721
rv_systolic_dysfunction_moderate_or_greater_flag,tabular_ecg,raw,0.06526,0.08167,0.03753,0.07212,419,5442
rv_systolic_dysfunction_moderate_or_greater_flag,tabular_ecg,platt,0.06427,0.09762,0.01131,0.03152,210,2721
rv_systolic_dysfunction_moderate_or_greater_flag,tabular_ecg,isotonic,0.06431,0.09707,0.01017,0.03277,210,2721
pericardial_effusion_moderate_large_flag,tabular_ecg,raw,0.21052,-15.81648,0.42872,0.6562,69,5442
pericardial_effusion_moderate_large_flag,tabular_ecg,platt,0.0123,0.00302,0.00512,0.01068,34,2721
pericardial_effusion_moderate_large_flag,tabular_ecg,isotonic,0.01385,-0.12218,0.00335,0.00567,34,2721
pasp_gte_45_flag,tabular_ecg,raw,0.10701,0.04409,0.05077,0.10086,699,5442
pasp_gte_45_flag,tabular_ecg,platt,0.10525,0.05864,0.01527,0.05068,349,2721
pasp_gte_45_flag,tabular_ecg,isotonic,0.10577,0.05406,0.01654,0.03954,349,2721
tr_max_gte_32_flag,tabular_ecg,raw,0.22814,-2.55575,0.39897,0.55315,375,5442
tr_max_gte_32_flag,tabular_ecg,platt,0.06321,0.01243,0.01216,0.03357,187,2721
tr_max_gte_32_flag,tabular_ecg,isotonic,0.06285,0.01797,0.00855,0.02867,187,2721
shd_moderate_or_greater_flag,waveform_features,raw,0.18184,0.25632,0.04823,0.09274,2318,5442
shd_moderate_or_greater_flag,waveform_features,platt,0.17848,0.27009,0.02275,0.05998,1159,2721
shd_moderate_or_greater_flag,waveform_features,isotonic,0.18051,0.26175,0.01535,0.06248,1159,2721
lvef_lte_45_flag,waveform_features,raw,0.10488,0.27933,0.03009,0.05082,962,5442
lvef_lte_45_flag,waveform_features,platt,0.09994,0.31327,0.02403,0.03949,481,2721
lvef_lte_45_flag,waveform_features,isotonic,0.10027,0.31096,0.01508,0.04539,481,2721
lvwt_gte_13_flag,waveform_features,raw,0.13875,0.11595,0.02622,0.04447,1061,5442
lvwt_gte_13_flag,waveform_features,platt,0.13639,0.13038,0.0222,0.04336,530,2721
lvwt_gte_13_flag,waveform_features,isotonic,0.13738,0.12405,0.01958,0.04197,530,2721
aortic_stenosis_moderate_or_greater_flag,waveform_features,raw,0.04944,0.00701,0.01455,0.0527,286,5442
aortic_stenosis_moderate_or_greater_flag,waveform_features,platt,0.04847,0.02653,0.0151,0.04159,143,2721
aortic_stenosis_moderate_or_greater_flag,waveform_features,isotonic,0.04778,0.0404,0.00709,0.01406,143,2721
aortic_regurgitation_moderate_or_greater_flag,waveform_features,raw,0.01498,-0.25006,0.04271,0.11696,66,5442
aortic_regurgitation_moderate_or_greater_flag,waveform_features,platt,0.01188,0.00848,0.00606,0.01113,33,2721
aortic_regurgitation_moderate_or_greater_flag,waveform_features,isotonic,0.01191,0.00583,0.00309,0.00541,33,2721
mitral_regurgitation_moderate_or_greater_flag,waveform_features,raw,0.0827,-0.42367,0.15226,0.29909,337,5442
mitral_regurgitation_moderate_or_greater_flag,waveform_features,platt,0.05374,0.07227,0.00561,0.01567,168,2721
mitral_regurgitation_moderate_or_greater_flag,waveform_features,isotonic,0.05405,0.06704,0.00805,0.02197,168,2721
tricuspid_regurgitation_moderate_or_greater_flag,waveform_features,raw,0.09011,-0.48549,0.16946,0.28576,353,5442
tricuspid_regurgitation_moderate_or_greater_flag,waveform_features,platt,0.05611,0.07248,0.00694,0.01955,176,2721
tricuspid_regurgitation_moderate_or_greater_flag,waveform_features,isotonic,0.05616,0.07174,0.00912,0.02113,176,2721
pulmonary_regurgitation_moderate_or_greater_flag,waveform_features,raw,0.14235,-37.87616,0.30741,0.74939,20,5442
pulmonary_regurgitation_moderate_or_greater_flag,waveform_features,platt,,,,,10,2721
pulmonary_regurgitation_moderate_or_greater_flag,waveform_features,isotonic,,,,,10,2721
rv_systolic_dysfunction_moderate_or_greater_flag,waveform_features,raw,0.09001,-0.26659,0.15777,0.28845,419,5442
rv_systolic_dysfunction_moderate_or_greater_flag,waveform_features,platt,0.05876,0.17497,0.01032,0.02778,210,2721
rv_systolic_dysfunction_moderate_or_greater_flag,waveform_features,isotonic,0.05928,0.16762,0.01061,0.02737,210,2721
pericardial_effusion_moderate_large_flag,waveform_features,raw,0.179,-13.29872,0.37504,0.67251,69,5442
pericardial_effusion_moderate_large_flag,waveform_features,platt,0.01223,0.00859,0.00421,0.01455,34,2721
pericardial_effusion_moderate_large_flag,waveform_features,isotonic,0.01224,0.00805,0.00179,0.00372,34,2721
pasp_gte_45_flag,waveform_features,raw,0.10183,0.09035,0.03885,0.07304,699,5442
pasp_gte_45_flag,waveform_features,platt,0.10065,0.09982,0.01798,0.03705,349,2721
pasp_gte_45_flag,waveform_features,isotonic,0.10171,0.09031,0.01651,0.04347,349,2721
tr_max_gte_32_flag,waveform_features,raw,0.09573,-0.49199,0.17075,0.29849,375,5442
tr_max_gte_32_flag,waveform_features,platt,0.06101,0.04681,0.01289,0.03012,187,2721
tr_max_gte_32_flag,waveform_features,isotonic,0.06133,0.0418,0.02093,0.04648,187,2721
