ablation,target,auroc,delta_auroc,delta_ci_low,delta_ci_high
baseline,shd_moderate_or_greater_flag,0.8355,0.0,0.0,0.0
all_demographics,shd_moderate_or_greater_flag,0.8168,-0.0188,-0.0235,-0.0145
age_at_ecg,shd_moderate_or_greater_flag,0.8207,-0.0148,-0.0187,-0.0114
sex,shd_moderate_or_greater_flag,0.8347,-0.0008,-0.0022,0.0006
race_ethnicity,shd_moderate_or_greater_flag,0.8347,-0.0008,-0.0024,0.0009
location_setting,shd_moderate_or_greater_flag,0.8355,-0.0,-0.0019,0.0022
baseline,lvef_lte_45_flag,0.8878,0.0,0.0,0.0
all_demographics,lvef_lte_45_flag,0.8824,-0.0053,-0.0084,-0.0021
age_at_ecg,lvef_lte_45_flag,0.8874,-0.0004,-0.0017,0.001
sex,lvef_lte_45_flag,0.8869,-0.0009,-0.0024,0.0008
race_ethnicity,lvef_lte_45_flag,0.8867,-0.001,-0.0022,0.0001
location_setting,lvef_lte_45_flag,0.8863,-0.0015,-0.0036,0.0005
baseline,lvwt_gte_13_flag,0.7564,0.0,0.0,0.0
all_demographics,lvwt_gte_13_flag,0.74,-0.0164,-0.0222,-0.0102
age_at_ecg,lvwt_gte_13_flag,0.7474,-0.0089,-0.0128,-0.0054
sex,lvwt_gte_13_flag,0.7516,-0.0048,-0.0085,-0.001
race_ethnicity,lvwt_gte_13_flag,0.7532,-0.0032,-0.0068,0.0005
location_setting,lvwt_gte_13_flag,0.758,0.0016,-0.0008,0.0042
baseline,aortic_stenosis_moderate_or_greater_flag,0.8791,0.0,0.0,0.0
all_demographics,aortic_stenosis_moderate_or_greater_flag,0.7324,-0.1467,-0.1758,-0.1197
age_at_ecg,aortic_stenosis_moderate_or_greater_flag,0.7346,-0.1445,-0.172,-0.1177
sex,aortic_stenosis_moderate_or_greater_flag,0.8797,0.0006,-0.0014,0.0026
race_ethnicity,aortic_stenosis_moderate_or_greater_flag,0.8819,0.0027,-0.0044,0.0101
location_setting,aortic_stenosis_moderate_or_greater_flag,0.8754,-0.0038,-0.008,0.0004
baseline,aortic_regurgitation_moderate_or_greater_flag,0.7952,0.0,0.0,0.0
all_demographics,aortic_regurgitation_moderate_or_greater_flag,0.7704,-0.0249,-0.0468,-0.0033
age_at_ecg,aortic_regurgitation_moderate_or_greater_flag,0.7923,-0.0029,-0.0141,0.0106
sex,aortic_regurgitation_moderate_or_greater_flag,0.7929,-0.0023,-0.0106,0.0067
race_ethnicity,aortic_regurgitation_moderate_or_greater_flag,0.785,-0.0103,-0.0222,0.0017
location_setting,aortic_regurgitation_moderate_or_greater_flag,0.7874,-0.0078,-0.0149,-0.0016
baseline,mitral_regurgitation_moderate_or_greater_flag,0.8236,0.0,0.0,0.0
all_demographics,mitral_regurgitation_moderate_or_greater_flag,0.8053,-0.0184,-0.0271,-0.0095
age_at_ecg,mitral_regurgitation_moderate_or_greater_flag,0.8121,-0.0116,-0.0183,-0.0049
sex,mitral_regurgitation_moderate_or_greater_flag,0.8206,-0.0031,-0.0062,0.0002
race_ethnicity,mitral_regurgitation_moderate_or_greater_flag,0.822,-0.0017,-0.004,0.0008
location_setting,mitral_regurgitation_moderate_or_greater_flag,0.8222,-0.0014,-0.0045,0.0022
baseline,tricuspid_regurgitation_moderate_or_greater_flag,0.8574,0.0,0.0,0.0
all_demographics,tricuspid_regurgitation_moderate_or_greater_flag,0.846,-0.0114,-0.0197,-0.0039
age_at_ecg,tricuspid_regurgitation_moderate_or_greater_flag,0.853,-0.0044,-0.0093,0.0005
sex,tricuspid_regurgitation_moderate_or_greater_flag,0.8554,-0.002,-0.0058,0.0017
race_ethnicity,tricuspid_regurgitation_moderate_or_greater_flag,0.8558,-0.0016,-0.0044,0.0015
location_setting,tricuspid_regurgitation_moderate_or_greater_flag,0.855,-0.0024,-0.0047,-0.0001
baseline,pulmonary_regurgitation_moderate_or_greater_flag,0.8363,0.0,0.0,0.0
all_demographics,pulmonary_regurgitation_moderate_or_greater_flag,0.8221,-0.0142,-0.0327,0.002
age_at_ecg,pulmonary_regurgitation_moderate_or_greater_flag,0.8359,-0.0004,-0.0086,0.0082
sex,pulmonary_regurgitation_moderate_or_greater_flag,0.8322,-0.0041,-0.0171,0.0081
race_ethnicity,pulmonary_regurgitation_moderate_or_greater_flag,0.8308,-0.0055,-0.017,0.0043
location_setting,pulmonary_regurgitation_moderate_or_greater_flag,0.8255,-0.0108,-0.019,-0.0037
baseline,rv_systolic_dysfunction_moderate_or_greater_flag,0.8828,0.0,0.0,0.0
all_demographics,rv_systolic_dysfunction_moderate_or_greater_flag,0.8728,-0.01,-0.0152,-0.0051
age_at_ecg,rv_systolic_dysfunction_moderate_or_greater_flag,0.8802,-0.0026,-0.0043,-0.0009
sex,rv_systolic_dysfunction_moderate_or_greater_flag,0.8821,-0.0007,-0.0028,0.0012
race_ethnicity,rv_systolic_dysfunction_moderate_or_greater_flag,0.8811,-0.0017,-0.004,0.0008
location_setting,rv_systolic_dysfunction_moderate_or_greater_flag,0.8784,-0.0044,-0.0075,-0.0009
baseline,pericardial_effusion_moderate_large_flag,0.7786,0.0,0.0,0.0
all_demographics,pericardial_effusion_moderate_large_flag,0.7683,-0.0103,-0.0301,0.0104
age_at_ecg,pericardial_effusion_moderate_large_flag,0.7749,-0.0037,-0.0163,0.0085
sex,pericardial_effusion_moderate_large_flag,0.7712,-0.0074,-0.0162,0.0005
race_ethnicity,pericardial_effusion_moderate_large_flag,0.7838,0.0052,-0.004,0.0161
location_setting,pericardial_effusion_moderate_large_flag,0.7665,-0.0121,-0.027,0.0034
baseline,pasp_gte_45_flag,0.8033,0.0,0.0,0.0
all_demographics,pasp_gte_45_flag,0.779,-0.0243,-0.0312,-0.0178
age_at_ecg,pasp_gte_45_flag,0.7882,-0.0151,-0.02,-0.0104
sex,pasp_gte_45_flag,0.7999,-0.0034,-0.0058,-0.0013
race_ethnicity,pasp_gte_45_flag,0.8013,-0.002,-0.0044,0.0004
location_setting,pasp_gte_45_flag,0.803,-0.0003,-0.0035,0.0032
baseline,tr_max_gte_32_flag,0.7937,0.0,0.0,0.0
all_demographics,tr_max_gte_32_flag,0.7666,-0.0271,-0.0381,-0.0173
age_at_ecg,tr_max_gte_32_flag,0.7758,-0.0179,-0.0247,-0.0113
sex,tr_max_gte_32_flag,0.791,-0.0027,-0.0062,0.0004
race_ethnicity,tr_max_gte_32_flag,0.7883,-0.0054,-0.0103,-0.0009
location_setting,tr_max_gte_32_flag,0.7961,0.0025,-0.0027,0.0075
