target,feature,group_lead,group_type,importance_mean,importance_std
shd_moderate_or_greater_flag,sex,tabular,sex,0.00249220304862694,0.0006120924104589068
shd_moderate_or_greater_flag,ventricular_rate,tabular,ventricular_rate,0.020784117857878082,0.001126521902835566
shd_moderate_or_greater_flag,atrial_rate,tabular,atrial_rate,3.805064777600009e-05,0.0001661556897745953
shd_moderate_or_greater_flag,pr_interval,tabular,pr_interval,-2.6193181385014696e-05,6.867178908238652e-05
shd_moderate_or_greater_flag,qrs_duration,tabular,qrs_duration,0.00998208035625776,0.0006236443012990797
shd_moderate_or_greater_flag,qt_corrected,tabular,qt_corrected,0.0011910462784331388,0.00023908216567775277
shd_moderate_or_greater_flag,age_at_ecg,tabular,age_at_ecg,0.012784979525853824,0.0014744152529839567
shd_moderate_or_greater_flag,I_mean,I,mean,0.004255877261878349,0.001066883644295947
shd_moderate_or_greater_flag,I_std,I,std,-7.244111300153122e-07,3.992314453118909e-05
shd_moderate_or_greater_flag,I_min,I,min,0.0004198915670918124,0.00027541617553326
shd_moderate_or_greater_flag,I_max,I,max,-1.5670156549019154e-05,2.1080901404237004e-05
shd_moderate_or_greater_flag,I_rms,I,rms,9.43640814085267e-05,2.7940802388842252e-05
shd_moderate_or_greater_flag,I_energy,I,energy,0.0,0.0
shd_moderate_or_greater_flag,I_skewness,I,skewness,0.0003085228875789658,0.00021294697470067848
shd_moderate_or_greater_flag,I_kurtosis,I,kurtosis,0.0005936358575883815,0.00037941594883793273
shd_moderate_or_greater_flag,I_zcr,I,zcr,1.1628704981592186e-05,9.770229620238099e-05
shd_moderate_or_greater_flag,I_lf_power,I,lf_power,0.00035843100174612894,0.0002265465200757737
shd_moderate_or_greater_flag,I_ecg_band_power,I,ecg_band_power,3.080653647591358e-05,6.443238808812642e-05
shd_moderate_or_greater_flag,I_hf_power,I,hf_power,3.248412014547064e-05,0.0001841385910917903
shd_moderate_or_greater_flag,I_total_power,I,total_power,7.659694527260009e-05,0.00018565144522214862
shd_moderate_or_greater_flag,I_dominant_freq,I,dominant_freq,0.000374596808015748,0.0002242585329137913
shd_moderate_or_greater_flag,I_spectral_entropy,I,spectral_entropy,0.0005653075697150012,0.0004364433336895968
shd_moderate_or_greater_flag,II_mean,II,mean,0.00032823449569545636,9.860404024198525e-05
shd_moderate_or_greater_flag,II_std,II,std,3.3208531275441545e-05,6.785457431563692e-05
shd_moderate_or_greater_flag,II_min,II,min,0.00012722947056982293,0.00012095176491842075
shd_moderate_or_greater_flag,II_max,II,max,0.00011582952699762394,0.00017997127742136476
shd_moderate_or_greater_flag,II_rms,II,rms,-2.436309010913629e-05,3.9606382448365315e-05
shd_moderate_or_greater_flag,II_energy,II,energy,-2.8061399562329113e-05,4.2457758787925535e-05
shd_moderate_or_greater_flag,II_skewness,II,skewness,0.0008045920040261389,0.0002335245052325415
shd_moderate_or_greater_flag,II_kurtosis,II,kurtosis,2.8290160971722322e-05,4.209399873856905e-05
shd_moderate_or_greater_flag,II_zcr,II,zcr,-4.498974386391019e-06,0.00014366333890385302
shd_moderate_or_greater_flag,II_lf_power,II,lf_power,-2.154169939232453e-05,5.3848765350659825e-05
shd_moderate_or_greater_flag,II_ecg_band_power,II,ecg_band_power,9.836740607431782e-05,8.467649228096347e-05
shd_moderate_or_greater_flag,II_hf_power,II,hf_power,0.0012014930494657293,0.0005390519984313451
shd_moderate_or_greater_flag,II_total_power,II,total_power,-0.00011533387727717948,6.792551222373013e-05
shd_moderate_or_greater_flag,II_dominant_freq,II,dominant_freq,6.302376831037737e-05,5.6840241631167906e-05
shd_moderate_or_greater_flag,II_spectral_entropy,II,spectral_entropy,6.252811858908913e-06,0.00016334863071140819
shd_moderate_or_greater_flag,III_mean,III,mean,1.6356440777420823e-05,0.00013037156010892924
shd_moderate_or_greater_flag,III_std,III,std,5.269137798245005e-05,2.339998011150514e-05
shd_moderate_or_greater_flag,III_min,III,min,0.0002505318702770154,0.0001658184229688696
shd_moderate_or_greater_flag,III_max,III,max,3.9804485248629005e-05,2.7388652877862042e-05
shd_moderate_or_greater_flag,III_rms,III,rms,0.0,0.0
shd_moderate_or_greater_flag,III_energy,III,energy,4.575228189196423e-07,4.926411757254579e-05
shd_moderate_or_greater_flag,III_skewness,III,skewness,2.9357714215416665e-06,5.545709540730607e-05
shd_moderate_or_greater_flag,III_kurtosis,III,kurtosis,-4.689608894246078e-05,0.00012560780278121056
shd_moderate_or_greater_flag,III_zcr,III,zcr,-1.4450095698581577e-05,0.00030894288341927126
shd_moderate_or_greater_flag,III_lf_power,III,lf_power,1.8110278250094147e-05,6.751422765417709e-05
shd_moderate_or_greater_flag,III_ecg_band_power,III,ecg_band_power,2.794701885746598e-05,5.097205991425849e-05
shd_moderate_or_greater_flag,III_hf_power,III,hf_power,3.088279027863017e-06,5.314846318809323e-05
shd_moderate_or_greater_flag,III_total_power,III,total_power,3.33610388817851e-05,3.373703003233925e-05
shd_moderate_or_greater_flag,III_dominant_freq,III,dominant_freq,-6.569265142104541e-05,2.5748674905159975e-05
shd_moderate_or_greater_flag,III_spectral_entropy,III,spectral_entropy,6.214684957408511e-05,8.602412532979571e-05
shd_moderate_or_greater_flag,aVR_mean,aVR,mean,0.009639472018666884,0.002283674498318639
shd_moderate_or_greater_flag,aVR_std,aVR,std,3.221723183435277e-05,6.204232202789307e-05
shd_moderate_or_greater_flag,aVR_min,aVR,min,0.00020428393866140927,0.00010447053501916278
shd_moderate_or_greater_flag,aVR_max,aVR,max,0.00028171967576873236,0.0002946835943140973
shd_moderate_or_greater_flag,aVR_rms,aVR,rms,4.956497204666732e-07,1.950801211624476e-05
shd_moderate_or_greater_flag,aVR_energy,aVR,energy,0.0,0.0
shd_moderate_or_greater_flag,aVR_skewness,aVR,skewness,0.0016820826438718184,0.0006615043860057822
shd_moderate_or_greater_flag,aVR_kurtosis,aVR,kurtosis,5.551276869932842e-05,5.567081226541456e-05
shd_moderate_or_greater_flag,aVR_zcr,aVR,zcr,5.581778391197112e-05,2.501961535601287e-05
shd_moderate_or_greater_flag,aVR_lf_power,aVR,lf_power,5.341578911244316e-05,9.450292293932303e-05
shd_moderate_or_greater_flag,aVR_ecg_band_power,aVR,ecg_band_power,0.0004736123714169871,0.00027281871134780106
shd_moderate_or_greater_flag,aVR_hf_power,aVR,hf_power,-8.769187363300012e-06,0.0002017018678509486
shd_moderate_or_greater_flag,aVR_total_power,aVR,total_power,0.00025781410847864895,5.227455438576176e-05
shd_moderate_or_greater_flag,aVR_dominant_freq,aVR,dominant_freq,0.00014682669798153912,8.75377718551861e-05
shd_moderate_or_greater_flag,aVR_spectral_entropy,aVR,spectral_entropy,0.0006801076703700116,0.00040509196158803685
shd_moderate_or_greater_flag,aVL_mean,aVL,mean,0.0007927345376349759,0.0002937617173722267
shd_moderate_or_greater_flag,aVL_std,aVL,std,0.00015864603747104412,8.886982469461093e-05
shd_moderate_or_greater_flag,aVL_min,aVL,min,0.00034901365705608534,0.00013187915036792704
shd_moderate_or_greater_flag,aVL_max,aVL,max,0.0008708184320692425,0.0004523243423454888
shd_moderate_or_greater_flag,aVL_rms,aVL,rms,0.00019673481214868004,5.747015481136112e-05
shd_moderate_or_greater_flag,aVL_energy,aVL,energy,0.00024286836305955627,8.550385905354858e-05
shd_moderate_or_greater_flag,aVL_skewness,aVL,skewness,-0.0001994036952593925,7.885893149413291e-05
shd_moderate_or_greater_flag,aVL_kurtosis,aVL,kurtosis,0.00020630466444506723,0.00014497181658655145
shd_moderate_or_greater_flag,aVL_zcr,aVL,zcr,-9.325840126279683e-05,5.565527362386383e-05
shd_moderate_or_greater_flag,aVL_lf_power,aVL,lf_power,0.0027257303207996577,0.0005911303244453482
shd_moderate_or_greater_flag,aVL_ecg_band_power,aVL,ecg_band_power,0.00029026010172250594,4.2563797815527895e-05
shd_moderate_or_greater_flag,aVL_hf_power,aVL,hf_power,0.00028587550804093365,0.00018822230729018423
shd_moderate_or_greater_flag,aVL_total_power,aVL,total_power,5.6427814337167706e-05,8.057297771028101e-05
shd_moderate_or_greater_flag,aVL_dominant_freq,aVL,dominant_freq,0.0002344041909089878,0.00021872867446406683
shd_moderate_or_greater_flag,aVL_spectral_entropy,aVL,spectral_entropy,3.191221662177668e-05,5.088657450414315e-05
shd_moderate_or_greater_flag,aVF_mean,aVF,mean,4.9374337545038394e-05,2.404777057139102e-05
shd_moderate_or_greater_flag,aVF_std,aVF,std,-3.5343637763984856e-05,1.6629886321904534e-05
shd_moderate_or_greater_flag,aVF_min,aVF,min,0.0003621293111993218,0.00023353679903516302
shd_moderate_or_greater_flag,aVF_max,aVF,max,6.5959539731652585e-06,6.050615553114965e-05
shd_moderate_or_greater_flag,aVF_rms,aVF,rms,3.759312495712486e-05,1.701391356230072e-05
shd_moderate_or_greater_flag,aVF_energy,aVF,energy,1.0599278639000786e-05,1.9925309909577347e-05
shd_moderate_or_greater_flag,aVF_skewness,aVF,skewness,7.099229074039037e-05,0.00011504880840077506
shd_moderate_or_greater_flag,aVF_kurtosis,aVF,kurtosis,-2.6688831105503574e-05,0.00013706204844124754
shd_moderate_or_greater_flag,aVF_zcr,aVF,zcr,-7.51099961113777e-06,4.518264662372123e-05
shd_moderate_or_greater_flag,aVF_lf_power,aVF,lf_power,2.055039995116914e-05,3.5080561935893525e-05
shd_moderate_or_greater_flag,aVF_ecg_band_power,aVF,ecg_band_power,7.221235159096117e-05,9.283030699381163e-05
shd_moderate_or_greater_flag,aVF_hf_power,aVF,hf_power,0.00018293287377697532,0.00016577617143244942
shd_moderate_or_greater_flag,aVF_total_power,aVF,total_power,-5.040376388776302e-05,3.8756253322007176e-05
shd_moderate_or_greater_flag,aVF_dominant_freq,aVF,dominant_freq,3.923258172495725e-05,6.025888947391056e-05
shd_moderate_or_greater_flag,aVF_spectral_entropy,aVF,spectral_entropy,4.422720583119321e-06,8.028084269470957e-05
shd_moderate_or_greater_flag,V1_mean,V1,mean,0.0006357660838334223,0.0002773212545819435
shd_moderate_or_greater_flag,V1_std,V1,std,4.5599774288751505e-05,1.5568386251913955e-05
shd_moderate_or_greater_flag,V1_min,V1,min,0.0005570340320723455,0.00036331664465214257
shd_moderate_or_greater_flag,V1_max,V1,max,8.315477234421831e-05,3.843569903647747e-05
shd_moderate_or_greater_flag,V1_rms,V1,rms,0.00017942519883176188,0.00012341145053993788
shd_moderate_or_greater_flag,V1_energy,V1,energy,6.740836199199407e-05,1.327155767685477e-05
shd_moderate_or_greater_flag,V1_skewness,V1,skewness,0.0005720179043928741,0.00024213718312438617
shd_moderate_or_greater_flag,V1_kurtosis,V1,kurtosis,-5.7571621384644445e-05,0.00010012098220465242
shd_moderate_or_greater_flag,V1_zcr,V1,zcr,0.0011610404068902013,0.00023750885800199762
shd_moderate_or_greater_flag,V1_lf_power,V1,lf_power,0.0013407324940330812,0.0005541171506304873
shd_moderate_or_greater_flag,V1_ecg_band_power,V1,ecg_band_power,0.0003361648912238779,0.00011498643695706778
shd_moderate_or_greater_flag,V1_hf_power,V1,hf_power,-3.625868340189076e-05,9.586238910535609e-05
shd_moderate_or_greater_flag,V1_total_power,V1,total_power,0.0006669920162267528,0.00030092728941172716
shd_moderate_or_greater_flag,V1_dominant_freq,V1,dominant_freq,0.0015458170976276886,0.0005307754876297491
shd_moderate_or_greater_flag,V1_spectral_entropy,V1,spectral_entropy,0.0007970810044150456,0.0004647788842411266
shd_moderate_or_greater_flag,V2_mean,V2,mean,6.138431154179002e-06,0.00030731802034888696
shd_moderate_or_greater_flag,V2_std,V2,std,0.00045900976811212856,6.919464385921043e-05
shd_moderate_or_greater_flag,V2_min,V2,min,-5.387331193151823e-05,5.136736577895734e-05
shd_moderate_or_greater_flag,V2_max,V2,max,-4.09864191977416e-05,0.00028472837227302864
shd_moderate_or_greater_flag,V2_rms,V2,rms,3.2979769865981726e-05,0.00013489349505346854
shd_moderate_or_greater_flag,V2_energy,V2,energy,0.0001014938120038389,0.00011241712889711784
shd_moderate_or_greater_flag,V2_skewness,V2,skewness,-3.51911301576191e-05,9.212832266436864e-05
shd_moderate_or_greater_flag,V2_kurtosis,V2,kurtosis,5.337766221080731e-05,5.4289682244942156e-05
shd_moderate_or_greater_flag,V2_zcr,V2,zcr,0.0004711722497158899,0.00028161773532992305
shd_moderate_or_greater_flag,V2_lf_power,V2,lf_power,0.0007840797309765612,0.00017435816024928024
shd_moderate_or_greater_flag,V2_ecg_band_power,V2,ecg_band_power,0.000497861080821349,0.00015973923261619998
shd_moderate_or_greater_flag,V2_hf_power,V2,hf_power,0.0002702053514918257,0.0001193619635883708
shd_moderate_or_greater_flag,V2_total_power,V2,total_power,-1.4602603304902928e-05,8.177030280672697e-05
shd_moderate_or_greater_flag,V2_dominant_freq,V2,dominant_freq,-2.4668105321756784e-05,2.348276693843726e-05
shd_moderate_or_greater_flag,V2_spectral_entropy,V2,spectral_entropy,0.00019742109637712612,0.00011363758673652481
shd_moderate_or_greater_flag,V3_mean,V3,mean,8.895006138422978e-05,0.0001929840720268605
shd_moderate_or_greater_flag,V3_std,V3,std,-0.0003838997720011283,0.00010718667586719893
shd_moderate_or_greater_flag,V3_min,V3,min,1.6165806269530238e-05,0.0005383222471317945
shd_moderate_or_greater_flag,V3_max,V3,max,-5.063252529726725e-05,2.7655436826873436e-05
shd_moderate_or_greater_flag,V3_rms,V3,rms,-3.06921557713169e-05,2.0271539700029977e-05
shd_moderate_or_greater_flag,V3_energy,V3,energy,-4.2320860752953495e-06,1.2950468749695023e-05
shd_moderate_or_greater_flag,V3_skewness,V3,skewness,2.8785810692233406e-05,0.00014050417633666007
shd_moderate_or_greater_flag,V3_kurtosis,V3,kurtosis,0.00015605340816369218,5.236721257230446e-05
shd_moderate_or_greater_flag,V3_zcr,V3,zcr,5.680908335237156e-06,8.595797688820789e-05
shd_moderate_or_greater_flag,V3_lf_power,V3,lf_power,0.004229112176969818,0.0008562913398575103
shd_moderate_or_greater_flag,V3_ecg_band_power,V3,ecg_band_power,4.1596449622827156e-05,1.6826624569010813e-05
shd_moderate_or_greater_flag,V3_hf_power,V3,hf_power,0.00023825500796841314,0.000234953064358602
shd_moderate_or_greater_flag,V3_total_power,V3,total_power,-7.606316865058638e-05,6.53296420375684e-05
shd_moderate_or_greater_flag,V3_dominant_freq,V3,dominant_freq,6.119367703460998e-05,4.663794437078935e-05
shd_moderate_or_greater_flag,V3_spectral_entropy,V3,spectral_entropy,0.00012402681083716337,9.958857627726859e-05
shd_moderate_or_greater_flag,V4_mean,V4,mean,0.0010835284159797175,0.0004624533118092165
shd_moderate_or_greater_flag,V4_std,V4,std,0.0,0.0
shd_moderate_or_greater_flag,V4_min,V4,min,0.0007506805651931403,0.000296508660614553
shd_moderate_or_greater_flag,V4_max,V4,max,0.00042820323163610395,0.00020392173933391262
shd_moderate_or_greater_flag,V4_rms,V4,rms,-7.549126512707005e-06,1.5098253025414011e-05
shd_moderate_or_greater_flag,V4_energy,V4,energy,0.0,0.0
shd_moderate_or_greater_flag,V4_skewness,V4,skewness,-0.00017912018361927463,0.0001416149122590133
shd_moderate_or_greater_flag,V4_kurtosis,V4,kurtosis,0.000152011956596243,7.781172870283744e-05
shd_moderate_or_greater_flag,V4_zcr,V4,zcr,-4.0681403985010076e-05,5.545106623976774e-05
shd_moderate_or_greater_flag,V4_lf_power,V4,lf_power,-0.00019700170045984234,0.00011579790923101477
shd_moderate_or_greater_flag,V4_ecg_band_power,V4,ecg_band_power,3.473360733865505e-05,0.0002946838409616468
shd_moderate_or_greater_flag,V4_hf_power,V4,hf_power,6.241373788513638e-05,9.490616776895433e-05
shd_moderate_or_greater_flag,V4_total_power,V4,total_power,8.92550765969613e-05,5.888482403077768e-05
shd_moderate_or_greater_flag,V4_dominant_freq,V4,dominant_freq,-4.2740256670348306e-05,5.863954647653235e-05
shd_moderate_or_greater_flag,V4_spectral_entropy,V4,spectral_entropy,0.0009423063725302772,0.00011588339162546967
shd_moderate_or_greater_flag,V5_mean,V5,mean,-9.566039606230259e-05,0.00011771660950138192
shd_moderate_or_greater_flag,V5_std,V5,std,0.00018552550308437166,0.00018123763731056204
shd_moderate_or_greater_flag,V5_min,V5,min,1.1476197375270836e-05,4.363913284145756e-05
shd_moderate_or_greater_flag,V5_max,V5,max,0.00021366315644986145,0.00029260566068346354
shd_moderate_or_greater_flag,V5_rms,V5,rms,1.3115654143280864e-05,5.790270169235555e-06
shd_moderate_or_greater_flag,V5_energy,V5,energy,4.7048596548671105e-05,0.0001534792444272741
shd_moderate_or_greater_flag,V5_skewness,V5,skewness,-3.366605409451662e-05,4.882545366645156e-05
shd_moderate_or_greater_flag,V5_kurtosis,V5,kurtosis,-3.614430269713864e-05,5.635132836710208e-05
shd_moderate_or_greater_flag,V5_zcr,V5,zcr,5.6389687435620674e-05,3.375650018304989e-05
shd_moderate_or_greater_flag,V5_lf_power,V5,lf_power,0.00036971656461362026,0.00010894068114490531
shd_moderate_or_greater_flag,V5_ecg_band_power,V5,ecg_band_power,0.0005321752922426759,0.00010228585787631549
shd_moderate_or_greater_flag,V5_hf_power,V5,hf_power,1.544139513953713e-05,3.7513267523700585e-05
shd_moderate_or_greater_flag,V5_total_power,V5,total_power,-0.00016222996621961805,2.5903013999099852e-05
shd_moderate_or_greater_flag,V5_dominant_freq,V5,dominant_freq,-1.1971847095937348e-05,4.105709696116614e-05
shd_moderate_or_greater_flag,V5_spectral_entropy,V5,spectral_entropy,0.0005842947667013876,0.0006570146560114866
shd_moderate_or_greater_flag,V6_mean,V6,mean,-4.632418541878902e-05,8.557030757872567e-05
shd_moderate_or_greater_flag,V6_std,V6,std,0.00047124850351898395,0.00021822221141311289
shd_moderate_or_greater_flag,V6_min,V6,min,-1.898719698654183e-05,0.00010382226231317244
shd_moderate_or_greater_flag,V6_max,V6,max,-7.701634119072765e-06,7.656348915381316e-05
shd_moderate_or_greater_flag,V6_rms,V6,rms,5.829603251454874e-05,4.038418261341348e-05
shd_moderate_or_greater_flag,V6_energy,V6,energy,-0.00012273049618358734,6.0128601867076676e-05
shd_moderate_or_greater_flag,V6_skewness,V6,skewness,0.00021495947110357073,0.00017925940064526685
shd_moderate_or_greater_flag,V6_kurtosis,V6,kurtosis,0.00010442958342542497,5.887013372671743e-05
shd_moderate_or_greater_flag,V6_zcr,V6,zcr,0.00021560762843040316,0.0001273730138734983
shd_moderate_or_greater_flag,V6_lf_power,V6,lf_power,0.002042229356189096,0.00028498351411567353
shd_moderate_or_greater_flag,V6_ecg_band_power,V6,ecg_band_power,0.00041424878565807786,0.00014931124576316756
shd_moderate_or_greater_flag,V6_hf_power,V6,hf_power,0.00022639754157733895,0.00011190291729415273
shd_moderate_or_greater_flag,V6_total_power,V6,total_power,5.677095645135743e-05,7.787585546810033e-05
shd_moderate_or_greater_flag,V6_dominant_freq,V6,dominant_freq,0.0002747805796813552,6.814095487294862e-05
shd_moderate_or_greater_flag,V6_spectral_entropy,V6,spectral_entropy,0.0005239398815015228,0.00038550857747315296
lvef_lte_45_flag,sex,tabular,sex,0.006331752739423125,0.0013438177376331616
lvef_lte_45_flag,ventricular_rate,tabular,ventricular_rate,0.0004988698344061237,0.0002671818351978122
lvef_lte_45_flag,atrial_rate,tabular,atrial_rate,0.0018781632352217637,0.00081518757627204
lvef_lte_45_flag,pr_interval,tabular,pr_interval,0.00019673480418642698,8.460662935078395e-05
lvef_lte_45_flag,qrs_duration,tabular,qrs_duration,0.0016289125841481456,0.00037293854154902303
lvef_lte_45_flag,qt_corrected,tabular,qt_corrected,0.005078435949093319,0.000897476131976297
lvef_lte_45_flag,age_at_ecg,tabular,age_at_ecg,0.008254201267750939,0.0007111874807219414
lvef_lte_45_flag,I_mean,I,mean,0.0021166650287455014,0.0004106747990052798
lvef_lte_45_flag,I_std,I,std,0.0002659574468084402,0.00019993870413850725
lvef_lte_45_flag,I_min,I,min,0.001114257284654263,0.0008024549674805276
lvef_lte_45_flag,I_max,I,max,3.6914647928787404e-05,8.129466714969127e-05
lvef_lte_45_flag,I_rms,I,rms,0.0,0.0
lvef_lte_45_flag,I_energy,I,energy,-1.228440862854896e-05,0.0
lvef_lte_45_flag,I_skewness,I,skewness,7.610191145395185e-05,0.000511451634947224
lvef_lte_45_flag,I_kurtosis,I,kurtosis,0.0004665004176698462,0.00022751482593449222
lvef_lte_45_flag,I_zcr,I,zcr,0.00010122352709933669,0.00019061830117607863
lvef_lte_45_flag,I_lf_power,I,lf_power,0.00013955088202048936,6.105258398493375e-05
lvef_lte_45_flag,I_ecg_band_power,I,ecg_band_power,0.0002212421994005176,5.142408105191385e-05
lvef_lte_45_flag,I_hf_power,I,hf_power,-6.652007272371918e-05,7.692497271727832e-05
lvef_lte_45_flag,I_total_power,I,total_power,8.414819910562698e-06,2.2368589236926914e-05
lvef_lte_45_flag,I_dominant_freq,I,dominant_freq,0.002356395263132005,0.0006079958725698643
lvef_lte_45_flag,I_spectral_entropy,I,spectral_entropy,0.000530993562969817,0.000604813723734423
lvef_lte_45_flag,II_mean,II,mean,0.0009294997788805937,0.0001575351001111654
lvef_lte_45_flag,II_std,II,std,-0.00010982261313940977,6.991156135992671e-05
lvef_lte_45_flag,II_min,II,min,3.734460223077107e-05,8.003025882050232e-05
lvef_lte_45_flag,II_max,II,max,3.2615104908795266e-05,0.0001695924121086941
lvef_lte_45_flag,II_rms,II,rms,4.3179696329409546e-05,3.744407851530305e-05
lvef_lte_45_flag,II_energy,II,energy,0.0,0.0
lvef_lte_45_flag,II_skewness,II,skewness,0.0004968429069823532,0.00019607561335467758
lvef_lte_45_flag,II_kurtosis,II,kurtosis,7.782172866181991e-05,2.5888207162162425e-05
lvef_lte_45_flag,II_zcr,II,zcr,0.00014980836322537884,0.0001667733912366821
lvef_lte_45_flag,II_lf_power,II,lf_power,-0.00019784040096322287,0.0001859305611844545
lvef_lte_45_flag,II_ecg_band_power,II,ecg_band_power,-6.375608078230676e-05,5.918695133724737e-05
lvef_lte_45_flag,II_hf_power,II,hf_power,0.0011906048842808214,0.000509142813529755
lvef_lte_45_flag,II_total_power,II,total_power,0.0003027492506510354,4.463037406644519e-05
lvef_lte_45_flag,II_dominant_freq,II,dominant_freq,-0.00012831064812548476,8.431915532984465e-05
lvef_lte_45_flag,II_spectral_entropy,II,spectral_entropy,1.8426612941491171e-06,4.713756657260385e-05
lvef_lte_45_flag,III_mean,III,mean,0.00010177632548766802,0.0003601104040999882
lvef_lte_45_flag,III_std,III,std,-4.6435064615968356e-05,6.865665755579293e-05
lvef_lte_45_flag,III_min,III,min,1.9347943589975713e-05,0.00013073952774869357
lvef_lte_45_flag,III_max,III,max,0.0002297798633972725,0.00015525828093747022
lvef_lte_45_flag,III_rms,III,rms,3.986290599971021e-05,1.414895127055934e-05
lvef_lte_45_flag,III_energy,III,energy,0.00024016018868846522,0.00010665933812499539
lvef_lte_45_flag,III_skewness,III,skewness,-0.0003078472802319654,0.00027987724840228777
lvef_lte_45_flag,III_kurtosis,III,kurtosis,4.121419094875734e-05,0.0004807595327338522
lvef_lte_45_flag,III_zcr,III,zcr,-8.169131738089419e-06,2.6327496800175048e-05
lvef_lte_45_flag,III_lf_power,III,lf_power,0.000607279740553257,0.0004517020066324986
lvef_lte_45_flag,III_ecg_band_power,III,ecg_band_power,7.247801090854988e-05,0.00018855736928597688
lvef_lte_45_flag,III_hf_power,III,hf_power,0.0001136307798141889,3.186792012443813e-05
lvef_lte_45_flag,III_total_power,III,total_power,-1.8426612943267529e-06,5.5890684320647026e-06
lvef_lte_45_flag,III_dominant_freq,III,dominant_freq,0.0,0.0
lvef_lte_45_flag,III_spectral_entropy,III,spectral_entropy,-2.899120436350433e-05,2.607190285630065e-05
lvef_lte_45_flag,aVR_mean,aVR,mean,0.009690002948258059,0.000910889529353103
lvef_lte_45_flag,aVR_std,aVR,std,0.000380693823399314,8.07172119265407e-05
lvef_lte_45_flag,aVR_min,aVR,min,0.0036597095965799076,0.001181447125866191
lvef_lte_45_flag,aVR_max,aVR,max,0.0012670753279936165,0.0002951040839640203
lvef_lte_45_flag,aVR_rms,aVR,rms,-4.176698933715528e-05,3.4582301263456464e-05
lvef_lte_45_flag,aVR_energy,aVR,energy,-4.7417817306305564e-05,0.00023020213162169503
lvef_lte_45_flag,aVR_skewness,aVR,skewness,-0.00024783794408145265,0.00013046495969801374
lvef_lte_45_flag,aVR_kurtosis,aVR,kurtosis,0.00021479288487047388,7.223049467590169e-05
lvef_lte_45_flag,aVR_zcr,aVR,zcr,5.282295710276053e-05,9.48673348638527e-05
lvef_lte_45_flag,aVR_lf_power,aVR,lf_power,0.0001249938577956744,7.915082899713262e-05
lvef_lte_45_flag,aVR_ecg_band_power,aVR,ecg_band_power,0.002030551324259178,0.0003339408314702191
lvef_lte_45_flag,aVR_hf_power,aVR,hf_power,0.000453417522480426,0.00019297537202574654
lvef_lte_45_flag,aVR_total_power,aVR,total_power,2.763991941423516e-05,2.198445856838701e-05
lvef_lte_45_flag,aVR_dominant_freq,aVR,dominant_freq,0.0003811237777012977,0.00020262674946380693
lvef_lte_45_flag,aVR_spectral_entropy,aVR,spectral_entropy,-3.931010761171194e-06,0.00017533679349995444
lvef_lte_45_flag,aVL_mean,aVL,mean,0.00035858188786779265,0.00011821287763676122
lvef_lte_45_flag,aVL_std,aVL,std,4.60665323570586e-05,8.351026459307513e-05
lvef_lte_45_flag,aVL_min,aVL,min,1.3267161318775145e-05,8.144419323446889e-05
lvef_lte_45_flag,aVL_max,aVL,max,6.940690875136823e-05,2.5802376115890475e-05
lvef_lte_45_flag,aVL_rms,aVL,rms,0.0,0.0
lvef_lte_45_flag,aVL_energy,aVL,energy,4.668075278857487e-06,9.336150557714973e-06
lvef_lte_45_flag,aVL_skewness,aVL,skewness,-0.0008420347894452895,0.00024111124264239624
lvef_lte_45_flag,aVL_kurtosis,aVL,kurtosis,9.888948945957487e-06,9.834231135416638e-05
lvef_lte_45_flag,aVL_zcr,aVL,zcr,-1.3021473146301865e-05,8.144701883451188e-05
lvef_lte_45_flag,aVL_lf_power,aVL,lf_power,0.0009989681096750803,0.0006947276596531583
lvef_lte_45_flag,aVL_ecg_band_power,aVL,ecg_band_power,0.00010343472065243997,4.313795634646442e-05
lvef_lte_45_flag,aVL_hf_power,aVL,hf_power,-4.864625816920487e-05,9.36750799881477e-05
lvef_lte_45_flag,aVL_total_power,aVL,total_power,-0.000210309075721149,8.433951080519384e-05
lvef_lte_45_flag,aVL_dominant_freq,aVL,dominant_freq,0.0007920372463268821,0.00021972691820659564
lvef_lte_45_flag,aVL_spectral_entropy,aVL,spectral_entropy,2.5183037688480957e-05,0.00012501173983875345
lvef_lte_45_flag,aVF_mean,aVF,mean,0.0004423615547147541,0.00028168718198229195
lvef_lte_45_flag,aVF_std,aVF,std,-5.386713183626046e-05,3.632925634928635e-05
lvef_lte_45_flag,aVF_min,aVF,min,0.001044236155471423,0.0001177374855025726
lvef_lte_45_flag,aVF_max,aVF,max,0.0002623335462630383,8.091160037460151e-05
lvef_lte_45_flag,aVF_rms,aVF,rms,0.0,0.0
lvef_lte_45_flag,aVF_energy,aVF,energy,0.0,0.0
lvef_lte_45_flag,aVF_skewness,aVF,skewness,0.0001366026239496554,0.00010619432521452776
lvef_lte_45_flag,aVF_kurtosis,aVF,kurtosis,8.003292221512304e-05,6.884986383764338e-05
lvef_lte_45_flag,aVF_zcr,aVF,zcr,8.23055378116333e-06,4.122988673866021e-05
lvef_lte_45_flag,aVF_lf_power,aVF,lf_power,0.00010558449216249154,9.15483962934151e-05
lvef_lte_45_flag,aVF_ecg_band_power,aVF,ecg_band_power,-0.00017757112672602826,0.0002173383563865285
lvef_lte_45_flag,aVF_hf_power,aVF,hf_power,-0.00010969976905310652,3.794739127274937e-05
lvef_lte_45_flag,aVF_total_power,aVF,total_power,0.00023770330696268883,8.406185010633069e-05
lvef_lte_45_flag,aVF_dominant_freq,aVF,dominant_freq,-2.8868360277223282e-05,4.7765265626613154e-05
lvef_lte_45_flag,aVF_spectral_entropy,aVF,spectral_entropy,0.00019323374772735048,0.00014849042845315678
lvef_lte_45_flag,V1_mean,V1,mean,0.0003741216647830337,8.906649496502061e-05
lvef_lte_45_flag,V1_std,V1,std,-1.0073215075401265e-05,0.0001019786096244553
lvef_lte_45_flag,V1_min,V1,min,6.277332809188075e-05,0.0002301146003962977
lvef_lte_45_flag,V1_max,V1,max,7.376787381447869e-05,9.990544079971203e-05
lvef_lte_45_flag,V1_rms,V1,rms,6.750282541387876e-05,7.647905218137672e-05
lvef_lte_45_flag,V1_energy,V1,energy,6.443172325683033e-05,4.4559311126982174e-05
lvef_lte_45_flag,V1_skewness,V1,skewness,0.0033760626013463304,0.0008538955750523387
lvef_lte_45_flag,V1_kurtosis,V1,kurtosis,6.934548670820551e-05,0.00011390161048128697
lvef_lte_45_flag,V1_zcr,V1,zcr,0.0001829148444792983,0.0001268714787328877
lvef_lte_45_flag,V1_lf_power,V1,lf_power,0.014199056557417312,0.00229921987912776
lvef_lte_45_flag,V1_ecg_band_power,V1,ecg_band_power,0.00018856567244842636,5.813848652897439e-05
lvef_lte_45_flag,V1_hf_power,V1,hf_power,3.365927964222859e-05,6.210421630234804e-05
lvef_lte_45_flag,V1_total_power,V1,total_power,7.20480566064774e-05,9.188080710443473e-05
lvef_lte_45_flag,V1_dominant_freq,V1,dominant_freq,0.001063584099061421,0.00034851423688805167
lvef_lte_45_flag,V1_spectral_entropy,V1,spectral_entropy,0.00037068203036694225,0.00012274377384355193
lvef_lte_45_flag,V2_mean,V2,mean,0.0007944941280526141,0.00028936191150568665
lvef_lte_45_flag,V2_std,V2,std,5.589405925965352e-06,7.26800576602284e-05
lvef_lte_45_flag,V2_min,V2,min,-1.4925556483769142e-05,7.511079626210105e-05
lvef_lte_45_flag,V2_max,V2,max,7.137241413193162e-05,0.00023881855603104143
lvef_lte_45_flag,V2_rms,V2,rms,-2.6964276939800412e-05,1.9932754271916567e-05
lvef_lte_45_flag,V2_energy,V2,energy,0.0,0.0
lvef_lte_45_flag,V2_skewness,V2,skewness,-6.228195174691198e-05,3.9459252991578915e-05
lvef_lte_45_flag,V2_kurtosis,V2,kurtosis,0.00032934499533185944,0.00016282572375363776
lvef_lte_45_flag,V2_zcr,V2,zcr,-2.6534322637772334e-05,5.9283759305853586e-05
lvef_lte_45_flag,V2_lf_power,V2,lf_power,0.00013506707287103126,0.0002261111680338592
lvef_lte_45_flag,V2_ecg_band_power,V2,ecg_band_power,7.432067220292105e-06,7.331420080101057e-05
lvef_lte_45_flag,V2_hf_power,V2,hf_power,-6.277332809205838e-05,7.987029261258159e-05
lvef_lte_45_flag,V2_total_power,V2,total_power,1.3144317232471891e-05,5.23427537629202e-05
lvef_lte_45_flag,V2_dominant_freq,V2,dominant_freq,2.168198122931564e-05,4.45068718951203e-05
lvef_lte_45_flag,V2_spectral_entropy,V2,spectral_entropy,0.00012186133359533002,0.00010200616694766568
lvef_lte_45_flag,V3_mean,V3,mean,0.006535182546312179,0.000890538663402389
lvef_lte_45_flag,V3_std,V3,std,0.0005146552994938159,0.00021013524982283212
lvef_lte_45_flag,V3_min,V3,min,0.00016780502186626302,0.00010315952374349937
lvef_lte_45_flag,V3_max,V3,max,0.0005968379932189238,0.00023836395350426858
lvef_lte_45_flag,V3_rms,V3,rms,1.1547344110818258e-05,3.290330178678154e-05
lvef_lte_45_flag,V3_energy,V3,energy,4.981327698880822e-05,4.81465765969121e-05
lvef_lte_45_flag,V3_skewness,V3,skewness,5.2945801189130395e-05,0.00012067166620266948
lvef_lte_45_flag,V3_kurtosis,V3,kurtosis,-2.3156110264999086e-05,4.4761711654201965e-05
lvef_lte_45_flag,V3_zcr,V3,zcr,-3.4703454375728526e-05,0.00016071685282983958
lvef_lte_45_flag,V3_lf_power,V3,lf_power,0.0010525895533388453,0.0002720033137676277
lvef_lte_45_flag,V3_ecg_band_power,V3,ecg_band_power,-3.519483072089713e-05,0.0001585988755875279
lvef_lte_45_flag,V3_hf_power,V3,hf_power,0.0004507763746252502,0.0003938611780139162
lvef_lte_45_flag,V3_total_power,V3,total_power,5.362144366360955e-05,8.402607340282437e-05
lvef_lte_45_flag,V3_dominant_freq,V3,dominant_freq,0.0003375755491130228,0.00020670980641143263
lvef_lte_45_flag,V3_spectral_entropy,V3,spectral_entropy,0.00017855387941612122,0.00023380255339521054
lvef_lte_45_flag,V4_mean,V4,mean,0.002018451181760006,0.0005417686948678305
lvef_lte_45_flag,V4_std,V4,std,5.3437177534210176e-05,3.8294562783392e-05
lvef_lte_45_flag,V4_min,V4,min,0.00045556729399034437,0.00022817587168667863
lvef_lte_45_flag,V4_max,V4,max,0.0006175372217581021,0.0004701101060277979
lvef_lte_45_flag,V4_rms,V4,rms,-1.4434180138578334e-05,0.0
lvef_lte_45_flag,V4_energy,V4,energy,-1.3758537664099179e-05,0.00010894345218288086
lvef_lte_45_flag,V4_skewness,V4,skewness,0.00042362783155609486,0.00016662664875091688
lvef_lte_45_flag,V4_kurtosis,V4,kurtosis,2.4445973170794665e-05,5.899541680749806e-05
lvef_lte_45_flag,V4_zcr,V4,zcr,3.157093017527313e-05,0.00016667360048386236
lvef_lte_45_flag,V4_lf_power,V4,lf_power,4.115276890563902e-05,0.00011741735684092376
lvef_lte_45_flag,V4_ecg_band_power,V4,ecg_band_power,0.0005298265441501693,0.00033022888462550095
lvef_lte_45_flag,V4_hf_power,V4,hf_power,0.0001502383175273625,3.183854723500558e-05
lvef_lte_45_flag,V4_total_power,V4,total_power,-2.112918284120635e-05,5.699204396042434e-05
lvef_lte_45_flag,V4_dominant_freq,V4,dominant_freq,0.0002604294629255266,6.487865946135859e-05
lvef_lte_45_flag,V4_spectral_entropy,V4,spectral_entropy,9.15802663259413e-05,9.54978264900077e-05
lvef_lte_45_flag,V5_mean,V5,mean,-3.083386565774227e-05,3.6062952410473256e-05
lvef_lte_45_flag,V5_std,V5,std,5.0304653333954616e-05,1.9913818302462463e-05
lvef_lte_45_flag,V5_min,V5,min,0.0003950051594515891,0.00022016083420577863
lvef_lte_45_flag,V5_max,V5,max,0.00021448577465474906,0.0001365372921703612
lvef_lte_45_flag,V5_rms,V5,rms,0.0,0.0
lvef_lte_45_flag,V5_energy,V5,energy,4.483809149347096e-06,2.656998601559102e-05
lvef_lte_45_flag,V5_skewness,V5,skewness,0.002752321753230724,0.0003889336214179062
lvef_lte_45_flag,V5_kurtosis,V5,kurtosis,0.0002806373151195363,0.0002613749643026434
lvef_lte_45_flag,V5_zcr,V5,zcr,-0.0002806987371628322,0.0001360787310595812
lvef_lte_45_flag,V5_lf_power,V5,lf_power,0.0002611665274433017,0.00027239631177356974
lvef_lte_45_flag,V5_ecg_band_power,V5,ecg_band_power,6.627438455106827e-05,0.0002474854414047339
lvef_lte_45_flag,V5_hf_power,V5,hf_power,-2.671858876721611e-05,9.620915600695967e-05
lvef_lte_45_flag,V5_total_power,V5,total_power,-9.029040342034556e-06,2.8905320528035674e-05
lvef_lte_45_flag,V5_dominant_freq,V5,dominant_freq,6.203626357428326e-05,2.961154088111818e-05
lvef_lte_45_flag,V5_spectral_entropy,V5,spectral_entropy,0.00028874502481441856,0.00043499897533407113
lvef_lte_45_flag,V6_mean,V6,mean,-2.512161564551807e-05,7.372216390281767e-05
lvef_lte_45_flag,V6_std,V6,std,0.00012837207016846985,6.698917917397507e-05
lvef_lte_45_flag,V6_min,V6,min,0.00016528671809734607,6.531892805091955e-05
lvef_lte_45_flag,V6_max,V6,max,3.341359146966649e-05,0.00012947460746192733
lvef_lte_45_flag,V6_rms,V6,rms,-3.869588718119488e-06,2.431847545434549e-05
lvef_lte_45_flag,V6_energy,V6,energy,0.0,0.0
lvef_lte_45_flag,V6_skewness,V6,skewness,0.0024494496584933855,0.0003321440017856526
lvef_lte_45_flag,V6_kurtosis,V6,kurtosis,0.0004044027320524446,0.00031459093344236107
lvef_lte_45_flag,V6_zcr,V6,zcr,-1.4741290355280157e-06,0.00010227893425637219
lvef_lte_45_flag,V6_lf_power,V6,lf_power,0.005784850867279178,0.00042469630257002027
lvef_lte_45_flag,V6_ecg_band_power,V6,ecg_band_power,-3.341359146975531e-05,5.188595965293272e-05
lvef_lte_45_flag,V6_hf_power,V6,hf_power,0.00019550636332357207,6.943397265849343e-05
lvef_lte_45_flag,V6_total_power,V6,total_power,-1.916367746055414e-05,5.66815979310598e-06
lvef_lte_45_flag,V6_dominant_freq,V6,dominant_freq,0.0006222667190801002,8.191071048871469e-05
lvef_lte_45_flag,V6_spectral_entropy,V6,spectral_entropy,0.00021620559186272815,0.00033207082207800074
rv_systolic_dysfunction_moderate_or_greater_flag,sex,tabular,sex,0.0009117109481895147,0.0007650301853633305
rv_systolic_dysfunction_moderate_or_greater_flag,ventricular_rate,tabular,ventricular_rate,0.003012232728163866,0.0010543211668259643
rv_systolic_dysfunction_moderate_or_greater_flag,atrial_rate,tabular,atrial_rate,0.005122710192578683,0.001291367105796922
rv_systolic_dysfunction_moderate_or_greater_flag,pr_interval,tabular,pr_interval,0.00019311475075052266,0.0002447169408292249
rv_systolic_dysfunction_moderate_or_greater_flag,qrs_duration,tabular,qrs_duration,0.009086987154614224,0.002064400822400532
rv_systolic_dysfunction_moderate_or_greater_flag,qt_corrected,tabular,qt_corrected,0.0024462903588129857,0.0002965931349269912
rv_systolic_dysfunction_moderate_or_greater_flag,age_at_ecg,tabular,age_at_ecg,0.0051040751934976255,0.002222201990843552
rv_systolic_dysfunction_moderate_or_greater_flag,I_mean,I,mean,0.0006268252088140524,0.0006414245787381802
rv_systolic_dysfunction_moderate_or_greater_flag,I_std,I,std,5.501153838296524e-05,8.641730517067121e-05
rv_systolic_dysfunction_moderate_or_greater_flag,I_min,I,min,0.0008223650621846268,0.0008798463000071002
rv_systolic_dysfunction_moderate_or_greater_flag,I_max,I,max,0.00045260073110453547,0.00036086935878729777
rv_systolic_dysfunction_moderate_or_greater_flag,I_rms,I,rms,0.0003099025874568451,0.00012108680206349824
rv_systolic_dysfunction_moderate_or_greater_flag,I_energy,I,energy,-0.00041048052770238376,0.00011258956327403769
rv_systolic_dysfunction_moderate_or_greater_flag,I_skewness,I,skewness,0.00023140584475251914,0.0002771109068368152
rv_systolic_dysfunction_moderate_or_greater_flag,I_kurtosis,I,kurtosis,0.00026880347989459706,0.00032281569922649816
rv_systolic_dysfunction_moderate_or_greater_flag,I_zcr,I,zcr,0.00045579165560472035,0.0001515279434681095
rv_systolic_dysfunction_moderate_or_greater_flag,I_lf_power,I,lf_power,0.0003442369350786789,0.00028365824883314875
rv_systolic_dysfunction_moderate_or_greater_flag,I_ecg_band_power,I,ecg_band_power,5.5522086302972616e-05,5.015987162924505e-05
rv_systolic_dysfunction_moderate_or_greater_flag,I_hf_power,I,hf_power,0.0001968162231706483,0.00013555900566792343
rv_systolic_dysfunction_moderate_or_greater_flag,I_total_power,I,total_power,-6.815814732374914e-05,8.902109774397542e-05
rv_systolic_dysfunction_moderate_or_greater_flag,I_dominant_freq,I,dominant_freq,-2.029427982122023e-05,0.0001379911011216537
rv_systolic_dysfunction_moderate_or_greater_flag,I_spectral_entropy,I,spectral_entropy,-7.44123593440893e-05,0.0001434815656331615
rv_systolic_dysfunction_moderate_or_greater_flag,II_mean,II,mean,0.00021034574305145437,0.00021497705234017564
rv_systolic_dysfunction_moderate_or_greater_flag,II_std,II,std,1.5316437599999233e-06,0.0005740776793384238
rv_systolic_dysfunction_moderate_or_greater_flag,II_min,II,min,0.0002090693732513138,0.00010857293989484135
rv_systolic_dysfunction_moderate_or_greater_flag,II_max,II,max,0.0001125758163661228,4.5075194206289686e-05
rv_systolic_dysfunction_moderate_or_greater_flag,II_rms,II,rms,-3.267506688187094e-05,6.27376980956087e-05
rv_systolic_dysfunction_moderate_or_greater_flag,II_energy,II,energy,-1.7230992300998338e-05,1.4069046299757113e-05
rv_systolic_dysfunction_moderate_or_greater_flag,II_skewness,II,skewness,0.0002482539261134953,0.000259305763166164
rv_systolic_dysfunction_moderate_or_greater_flag,II_kurtosis,II,kurtosis,0.00023931933751295543,0.0002313749014522964
rv_systolic_dysfunction_moderate_or_greater_flag,II_zcr,II,zcr,0.00030262727959640134,0.00014900511825364888
rv_systolic_dysfunction_moderate_or_greater_flag,II_lf_power,II,lf_power,-2.284701942125711e-05,0.00026851902498254646
rv_systolic_dysfunction_moderate_or_greater_flag,II_ecg_band_power,II,ecg_band_power,8.487859170460687e-05,0.00010065047927370608
rv_systolic_dysfunction_moderate_or_greater_flag,II_hf_power,II,hf_power,0.001506754548981948,0.00037174015699984695
rv_systolic_dysfunction_moderate_or_greater_flag,II_total_power,II,total_power,-5.616027120314282e-05,9.41879622520287e-05
rv_systolic_dysfunction_moderate_or_greater_flag,II_dominant_freq,II,dominant_freq,0.0001788194089896278,0.0001968000816456094
rv_systolic_dysfunction_moderate_or_greater_flag,II_spectral_entropy,II,spectral_entropy,0.00031041313537694126,0.0001496314833478574
rv_systolic_dysfunction_moderate_or_greater_flag,III_mean,III,mean,0.00023855351563295546,6.477674191426325e-05
rv_systolic_dysfunction_moderate_or_greater_flag,III_std,III,std,-0.0003354299834582575,0.00023920021405409082
rv_systolic_dysfunction_moderate_or_greater_flag,III_min,III,min,0.0,0.0
rv_systolic_dysfunction_moderate_or_greater_flag,III_max,III,max,0.0003370892641982426,0.0003980709506890356
rv_systolic_dysfunction_moderate_or_greater_flag,III_rms,III,rms,-0.00012495660342679571,0.00031601106804536507
rv_systolic_dysfunction_moderate_or_greater_flag,III_energy,III,energy,2.4761574121257014e-05,2.5032472220337398e-05
rv_systolic_dysfunction_moderate_or_greater_flag,III_skewness,III,skewness,-3.510016950198924e-05,0.00015156427844971175
rv_systolic_dysfunction_moderate_or_greater_flag,III_kurtosis,III,kurtosis,-9.343026936508015e-05,8.079995482863147e-05
rv_systolic_dysfunction_moderate_or_greater_flag,III_zcr,III,zcr,0.00033338779177813913,0.00012890235486559613
rv_systolic_dysfunction_moderate_or_greater_flag,III_lf_power,III,lf_power,0.0004228613147629234,0.000245073172474064
rv_systolic_dysfunction_moderate_or_greater_flag,III_ecg_band_power,III,ecg_band_power,0.00047378846978569645,0.00028296591679432593
rv_systolic_dysfunction_moderate_or_greater_flag,III_hf_power,III,hf_power,2.5655032981353187e-05,0.00018303356550124255
rv_systolic_dysfunction_moderate_or_greater_flag,III_total_power,III,total_power,0.00011921293932639631,0.00011911231782822884
rv_systolic_dysfunction_moderate_or_greater_flag,III_dominant_freq,III,dominant_freq,8.002838646434807e-05,0.00022694939000452596
rv_systolic_dysfunction_moderate_or_greater_flag,III_spectral_entropy,III,spectral_entropy,0.00020345334613103283,8.453134218364997e-05
rv_systolic_dysfunction_moderate_or_greater_flag,aVR_mean,aVR,mean,0.0036278258827372456,0.0011701677022221044
rv_systolic_dysfunction_moderate_or_greater_flag,aVR_std,aVR,std,0.00035368207159918174,0.00025756857942217925
rv_systolic_dysfunction_moderate_or_greater_flag,aVR_min,aVR,min,0.01109178119958334,0.002305696719473666
rv_systolic_dysfunction_moderate_or_greater_flag,aVR_max,aVR,max,0.00031309351195691893,4.272808759616048e-05
rv_systolic_dysfunction_moderate_or_greater_flag,aVR_rms,aVR,rms,8.258112606442935e-05,9.113280372489827e-05
rv_systolic_dysfunction_moderate_or_greater_flag,aVR_energy,aVR,energy,-0.00011244817938620422,4.700854551840213e-05
rv_systolic_dysfunction_moderate_or_greater_flag,aVR_skewness,aVR,skewness,-0.00038137929626069766,0.00038830655891694045
rv_systolic_dysfunction_moderate_or_greater_flag,aVR_kurtosis,aVR,kurtosis,0.0005236945289684547,0.00042751845930323563
rv_systolic_dysfunction_moderate_or_greater_flag,aVR_zcr,aVR,zcr,0.00011921293932644072,0.000523871116050871
rv_systolic_dysfunction_moderate_or_greater_flag,aVR_lf_power,aVR,lf_power,9.815283762530936e-05,0.0003424615534921739
rv_systolic_dysfunction_moderate_or_greater_flag,aVR_ecg_band_power,aVR,ecg_band_power,0.0005711754855310281,0.0006341997564236191
rv_systolic_dysfunction_moderate_or_greater_flag,aVR_hf_power,aVR,hf_power,0.00014180468478766083,0.0003430943751225376
rv_systolic_dysfunction_moderate_or_greater_flag,aVR_total_power,aVR,total_power,0.00016758735474915466,0.0001884643752150712
rv_systolic_dysfunction_moderate_or_greater_flag,aVR_dominant_freq,aVR,dominant_freq,0.0011942992219249327,0.0002584318228459653
rv_systolic_dysfunction_moderate_or_greater_flag,aVR_spectral_entropy,aVR,spectral_entropy,0.0003199859088772961,0.0003834667360645119
rv_systolic_dysfunction_moderate_or_greater_flag,aVL_mean,aVL,mean,0.0003612126534196181,0.0005341117324492809
rv_systolic_dysfunction_moderate_or_greater_flag,aVL_std,aVL,std,-0.00014180468478774966,5.9883919502628155e-05
rv_systolic_dysfunction_moderate_or_greater_flag,aVL_min,aVL,min,0.0020823973288132346,0.0010075302144638228
rv_systolic_dysfunction_moderate_or_greater_flag,aVL_max,aVL,max,-0.0006577133579758864,0.00025440538050259317
rv_systolic_dysfunction_moderate_or_greater_flag,aVL_rms,aVL,rms,-7.147670880396362e-05,4.198267242091444e-05
rv_systolic_dysfunction_moderate_or_greater_flag,aVL_energy,aVL,energy,0.0,0.0
rv_systolic_dysfunction_moderate_or_greater_flag,aVL_skewness,aVL,skewness,-3.624890232196698e-05,0.00011093878541104351
rv_systolic_dysfunction_moderate_or_greater_flag,aVL_kurtosis,aVL,kurtosis,-2.3740478281353283e-05,9.572892627629112e-05
rv_systolic_dysfunction_moderate_or_greater_flag,aVL_zcr,aVL,zcr,1.3912430820695043e-05,0.0001032664417278207
rv_systolic_dysfunction_moderate_or_greater_flag,aVL_lf_power,aVL,lf_power,-0.0003202411828374663,0.0003237613076835617
rv_systolic_dysfunction_moderate_or_greater_flag,aVL_ecg_band_power,aVL,ecg_band_power,-2.7697224661560327e-05,0.00011041196361092346
rv_systolic_dysfunction_moderate_or_greater_flag,aVL_hf_power,aVL,hf_power,6.254212020335714e-05,0.00015195985205351448
rv_systolic_dysfunction_moderate_or_greater_flag,aVL_total_power,aVL,total_power,0.0,0.0
rv_systolic_dysfunction_moderate_or_greater_flag,aVL_dominant_freq,aVL,dominant_freq,1.723099230086511e-05,0.0001939355604901213
rv_systolic_dysfunction_moderate_or_greater_flag,aVL_spectral_entropy,aVL,spectral_entropy,0.0001707782792492729,0.00012125687760530708
rv_systolic_dysfunction_moderate_or_greater_flag,aVF_mean,aVF,mean,0.0003392590928584127,0.0002627275082286329
rv_systolic_dysfunction_moderate_or_greater_flag,aVF_std,aVF,std,-2.9356505401922916e-06,6.757603667773365e-05
rv_systolic_dysfunction_moderate_or_greater_flag,aVF_min,aVF,min,-0.00011334163824625599,6.327319264269814e-05
rv_systolic_dysfunction_moderate_or_greater_flag,aVF_max,aVF,max,7.185961974383037e-05,0.0010035166946423186
rv_systolic_dysfunction_moderate_or_greater_flag,aVF_rms,aVF,rms,-9.126044070495443e-05,3.583395427244024e-05
rv_systolic_dysfunction_moderate_or_greater_flag,aVF_energy,aVF,energy,1.723099230086511e-05,1.4069046299648335e-05
rv_systolic_dysfunction_moderate_or_greater_flag,aVF_skewness,aVF,skewness,-3.1015786141774806e-05,9.423949165604222e-05
rv_systolic_dysfunction_moderate_or_greater_flag,aVF_kurtosis,aVF,kurtosis,3.854636796205568e-05,0.0001813256597767518
rv_systolic_dysfunction_moderate_or_greater_flag,aVF_zcr,aVF,zcr,-3.2675066881782124e-05,9.545880905526974e-05
rv_systolic_dysfunction_moderate_or_greater_flag,aVF_lf_power,aVF,lf_power,-4.824677844268432e-05,5.555743196293894e-05
rv_systolic_dysfunction_moderate_or_greater_flag,aVF_ecg_band_power,aVF,ecg_band_power,-9.21538995650284e-05,0.0001242286208682466
rv_systolic_dysfunction_moderate_or_greater_flag,aVF_hf_power,aVF,hf_power,0.00011436273408613751,5.598798710426837e-05
rv_systolic_dysfunction_moderate_or_greater_flag,aVF_total_power,aVF,total_power,4.620458676247718e-05,3.5239365906007173e-05
rv_systolic_dysfunction_moderate_or_greater_flag,aVF_dominant_freq,aVF,dominant_freq,0.00010581105642568645,6.280647337357555e-05
rv_systolic_dysfunction_moderate_or_greater_flag,aVF_spectral_entropy,aVF,spectral_entropy,-2.5527396001456813e-05,0.00018076794294026856
rv_systolic_dysfunction_moderate_or_greater_flag,V1_mean,V1,mean,-0.00040524741152205836,9.928811679321012e-05
rv_systolic_dysfunction_moderate_or_greater_flag,V1_std,V1,std,-2.6420854861441968e-05,6.762062168143895e-05
rv_systolic_dysfunction_moderate_or_greater_flag,V1_min,V1,min,0.0002693140278145822,0.000251436427727706
rv_systolic_dysfunction_moderate_or_greater_flag,V1_max,V1,max,-0.0002537423162538577,0.00016787373430742365
rv_systolic_dysfunction_moderate_or_greater_flag,V1_rms,V1,rms,0.0001352951988072615,3.824852467925413e-05
rv_systolic_dysfunction_moderate_or_greater_flag,V1_energy,V1,energy,-8.168766720451082e-06,1.6337533440902165e-05
rv_systolic_dysfunction_moderate_or_greater_flag,V1_skewness,V1,skewness,0.001307385586211085,0.0006675311065412643
rv_systolic_dysfunction_moderate_or_greater_flag,V1_kurtosis,V1,kurtosis,-0.00011180999448607842,0.00039216042014086195
rv_systolic_dysfunction_moderate_or_greater_flag,V1_zcr,V1,zcr,-0.0004891049073866505,0.0005281533716466259
rv_systolic_dysfunction_moderate_or_greater_flag,V1_lf_power,V1,lf_power,0.0007540792778809591,0.0005633452413313083
rv_systolic_dysfunction_moderate_or_greater_flag,V1_ecg_band_power,V1,ecg_band_power,5.526681234302444e-05,9.875226209177217e-05
rv_systolic_dysfunction_moderate_or_greater_flag,V1_hf_power,V1,hf_power,0.0001244460555066995,0.00027762114107804327
rv_systolic_dysfunction_moderate_or_greater_flag,V1_total_power,V1,total_power,0.00011346927522608574,8.1022241804144e-05
rv_systolic_dysfunction_moderate_or_greater_flag,V1_dominant_freq,V1,dominant_freq,0.0007257438683194506,0.0008108185141294567
rv_systolic_dysfunction_moderate_or_greater_flag,V1_spectral_entropy,V1,spectral_entropy,-0.0002278320093124009,0.00015480845110180138
rv_systolic_dysfunction_moderate_or_greater_flag,V2_mean,V2,mean,0.009142253966957292,0.0021684267381719764
rv_systolic_dysfunction_moderate_or_greater_flag,V2_std,V2,std,0.0001502287254681045,0.00011788752130991173
rv_systolic_dysfunction_moderate_or_greater_flag,V2_min,V2,min,6.87963322236529e-05,0.00018785692062195112
rv_systolic_dysfunction_moderate_or_greater_flag,V2_max,V2,max,0.00053377785038895,0.00026631467348344455
rv_systolic_dysfunction_moderate_or_greater_flag,V2_rms,V2,rms,2.042191680051708e-06,7.044636330015759e-05
rv_systolic_dysfunction_moderate_or_greater_flag,V2_energy,V2,energy,-6.381849000591799e-07,1.625556035175148e-05
rv_systolic_dysfunction_moderate_or_greater_flag,V2_skewness,V2,skewness,0.0001817550595298867,0.0002030677476567017
rv_systolic_dysfunction_moderate_or_greater_flag,V2_kurtosis,V2,kurtosis,-1.7613903241064932e-05,9.59356426004912e-05
rv_systolic_dysfunction_moderate_or_greater_flag,V2_zcr,V2,zcr,-2.552739600214515e-06,2.4930086824580603e-05
rv_systolic_dysfunction_moderate_or_greater_flag,V2_lf_power,V2,lf_power,-4.4408920985006264e-17,4.370518325677496e-05
rv_systolic_dysfunction_moderate_or_greater_flag,V2_ecg_band_power,V2,ecg_band_power,-0.0001301897196071211,0.00023675920104517507
rv_systolic_dysfunction_moderate_or_greater_flag,V2_hf_power,V2,hf_power,0.0004888496334265691,0.00029231738719294573
rv_systolic_dysfunction_moderate_or_greater_flag,V2_total_power,V2,total_power,-0.00020626135969126214,0.00013991679622156166
rv_systolic_dysfunction_moderate_or_greater_flag,V2_dominant_freq,V2,dominant_freq,0.000817387219964405,0.0003219955952469441
rv_systolic_dysfunction_moderate_or_greater_flag,V2_spectral_entropy,V2,spectral_entropy,-1.3146608940717286e-05,4.754130559875826e-05
rv_systolic_dysfunction_moderate_or_greater_flag,V3_mean,V3,mean,0.010184537545694084,0.0009662383761752314
rv_systolic_dysfunction_moderate_or_greater_flag,V3_std,V3,std,2.999469030153801e-05,2.612975575979624e-05
rv_systolic_dysfunction_moderate_or_greater_flag,V3_min,V3,min,0.00012304204872664036,0.00023869766976831325
rv_systolic_dysfunction_moderate_or_greater_flag,V3_max,V3,max,0.0002862897461555214,0.00029892449919403767
rv_systolic_dysfunction_moderate_or_greater_flag,V3_rms,V3,rms,-2.3612841301368093e-05,0.0
rv_systolic_dysfunction_moderate_or_greater_flag,V3_energy,V3,energy,1.4040067800591416e-06,2.9716125798183077e-05
rv_systolic_dysfunction_moderate_or_greater_flag,V3_skewness,V3,skewness,0.0001555894786284151,0.0002344349102801376
rv_systolic_dysfunction_moderate_or_greater_flag,V3_kurtosis,V3,kurtosis,0.00032547429901770287,0.0002296532991774371
rv_systolic_dysfunction_moderate_or_greater_flag,V3_zcr,V3,zcr,2.79524986214863e-05,0.00010952517280520364
rv_systolic_dysfunction_moderate_or_greater_flag,V3_lf_power,V3,lf_power,-2.629321788141237e-05,0.0007261019088050527
rv_systolic_dysfunction_moderate_or_greater_flag,V3_ecg_band_power,V3,ecg_band_power,0.00048438233912631026,0.0003374107164877931
rv_systolic_dysfunction_moderate_or_greater_flag,V3_hf_power,V3,hf_power,0.00041443727408245755,0.0006071955020036761
rv_systolic_dysfunction_moderate_or_greater_flag,V3_total_power,V3,total_power,-8.551677660468826e-05,9.070132028808239e-05
rv_systolic_dysfunction_moderate_or_greater_flag,V3_dominant_freq,V3,dominant_freq,-7.466763330408189e-05,0.000380661966495662
rv_systolic_dysfunction_moderate_or_greater_flag,V3_spectral_entropy,V3,spectral_entropy,0.00033887618191841273,0.00019607175605464464
rv_systolic_dysfunction_moderate_or_greater_flag,V4_mean,V4,mean,0.000602701819592677,0.0005782773083825005
rv_systolic_dysfunction_moderate_or_greater_flag,V4_std,V4,std,-0.00013210427430716544,5.513415238266172e-05
rv_systolic_dysfunction_moderate_or_greater_flag,V4_min,V4,min,0.000158525129168563,0.0003250472107540776
rv_systolic_dysfunction_moderate_or_greater_flag,V4_max,V4,max,0.00048080850368612536,0.00022017086779072212
rv_systolic_dysfunction_moderate_or_greater_flag,V4_rms,V4,rms,0.0,0.0
rv_systolic_dysfunction_moderate_or_greater_flag,V4_energy,V4,energy,0.0,0.0
rv_systolic_dysfunction_moderate_or_greater_flag,V4_skewness,V4,skewness,1.5061163640739394e-05,0.00022174646976832552
rv_systolic_dysfunction_moderate_or_greater_flag,V4_kurtosis,V4,kurtosis,0.0004171176506626795,0.00023430916670349298
rv_systolic_dysfunction_moderate_or_greater_flag,V4_zcr,V4,zcr,-2.0039005861138827e-05,0.00010403517911011665
rv_systolic_dysfunction_moderate_or_greater_flag,V4_lf_power,V4,lf_power,-6.241448322343856e-05,8.141738751465312e-05
rv_systolic_dysfunction_moderate_or_greater_flag,V4_ecg_band_power,V4,ecg_band_power,2.884595748151586e-05,0.00013808197722623675
rv_systolic_dysfunction_moderate_or_greater_flag,V4_hf_power,V4,hf_power,0.00022630036555231213,9.128194901811382e-05
rv_systolic_dysfunction_moderate_or_greater_flag,V4_total_power,V4,total_power,-0.0003834214879408826,0.0003525100010498543
rv_systolic_dysfunction_moderate_or_greater_flag,V4_dominant_freq,V4,dominant_freq,2.5782669961382786e-05,5.297872642154839e-05
rv_systolic_dysfunction_moderate_or_greater_flag,V4_spectral_entropy,V4,spectral_entropy,0.00047442665468568903,0.0007760604016623162
rv_systolic_dysfunction_moderate_or_greater_flag,V5_mean,V5,mean,0.00021009046909141736,0.00012132591528118688
rv_systolic_dysfunction_moderate_or_greater_flag,V5_std,V5,std,-5.3862805562987505e-05,1.881336179953545e-05
rv_systolic_dysfunction_moderate_or_greater_flag,V5_min,V5,min,0.00028692793105560276,0.0002285588098571778
rv_systolic_dysfunction_moderate_or_greater_flag,V5_max,V5,max,0.0004966354892069758,6.750946593929156e-05
rv_systolic_dysfunction_moderate_or_greater_flag,V5_rms,V5,rms,1.3146608940672877e-05,7.676024731893462e-05
rv_systolic_dysfunction_moderate_or_greater_flag,V5_energy,V5,energy,0.0002505513917535618,0.00037067427162173355
rv_systolic_dysfunction_moderate_or_greater_flag,V5_skewness,V5,skewness,-1.3912430820872678e-05,0.0001421909183751651
rv_systolic_dysfunction_moderate_or_greater_flag,V5_kurtosis,V5,kurtosis,0.00011819184348631495,0.00021213957240881273
rv_systolic_dysfunction_moderate_or_greater_flag,V5_zcr,V5,zcr,1.8762636060976056e-05,2.150446384619634e-05
rv_systolic_dysfunction_moderate_or_greater_flag,V5_lf_power,V5,lf_power,0.00037691200196046106,9.363510096585024e-05
rv_systolic_dysfunction_moderate_or_greater_flag,V5_ecg_band_power,V5,ecg_band_power,-7.364653746411154e-05,0.00010191363276946432
rv_systolic_dysfunction_moderate_or_greater_flag,V5_hf_power,V5,hf_power,-5.245879878295057e-05,7.443807933331061e-05
rv_systolic_dysfunction_moderate_or_greater_flag,V5_total_power,V5,total_power,0.00010798088508583437,0.0001781413559307573
rv_systolic_dysfunction_moderate_or_greater_flag,V5_dominant_freq,V5,dominant_freq,-0.0001714164641493099,0.0001988191695704221
rv_systolic_dysfunction_moderate_or_greater_flag,V5_spectral_entropy,V5,spectral_entropy,0.0010578552902974492,0.0013609583861791006
rv_systolic_dysfunction_moderate_or_greater_flag,V6_mean,V6,mean,7.288071558388953e-05,0.00011308333898993684
rv_systolic_dysfunction_moderate_or_greater_flag,V6_std,V6,std,0.0001508669103682303,0.00020550409961657144
rv_systolic_dysfunction_moderate_or_greater_flag,V6_min,V6,min,0.00024097861825314037,0.00017381354435159989
rv_systolic_dysfunction_moderate_or_greater_flag,V6_max,V6,max,-2.5527396005919913e-07,9.951478077072677e-05
rv_systolic_dysfunction_moderate_or_greater_flag,V6_rms,V6,rms,0.00015073927338822292,9.19981994138326e-05
rv_systolic_dysfunction_moderate_or_greater_flag,V6_energy,V6,energy,0.0,0.0
rv_systolic_dysfunction_moderate_or_greater_flag,V6_skewness,V6,skewness,-0.0002966283415361648,0.00021644891169615466
rv_systolic_dysfunction_moderate_or_greater_flag,V6_kurtosis,V6,kurtosis,0.0001449956092878679,0.0004315250189788139
rv_systolic_dysfunction_moderate_or_greater_flag,V6_zcr,V6,zcr,0.00020051769559090716,0.0001866467290864384
rv_systolic_dysfunction_moderate_or_greater_flag,V6_lf_power,V6,lf_power,0.0013592062000938655,0.0008902233667102868
rv_systolic_dysfunction_moderate_or_greater_flag,V6_ecg_band_power,V6,ecg_band_power,0.0008565717728265199,0.0005391193851387319
rv_systolic_dysfunction_moderate_or_greater_flag,V6_hf_power,V6,hf_power,8.41127698244959e-05,7.344995304834507e-05
rv_systolic_dysfunction_moderate_or_greater_flag,V6_total_power,V6,total_power,-7.4029448404733245e-06,0.00012623458642405222
rv_systolic_dysfunction_moderate_or_greater_flag,V6_dominant_freq,V6,dominant_freq,0.00011576674086621885,7.687370910162825e-05
rv_systolic_dysfunction_moderate_or_greater_flag,V6_spectral_entropy,V6,spectral_entropy,0.00031832662813724433,0.0002565066374156591
aortic_stenosis_moderate_or_greater_flag,sex,tabular,sex,0.00041968776536676077,0.00032875369258216196
aortic_stenosis_moderate_or_greater_flag,ventricular_rate,tabular,ventricular_rate,0.28741680638114114,0.011644629313494116
aortic_stenosis_moderate_or_greater_flag,atrial_rate,tabular,atrial_rate,0.0018400577728425072,0.0004983614434446858
aortic_stenosis_moderate_or_greater_flag,pr_interval,tabular,pr_interval,0.00046668263403524255,0.00041344549966612317
aortic_stenosis_moderate_or_greater_flag,qrs_duration,tabular,qrs_duration,0.0029274718575130754,0.0007381696017922417
aortic_stenosis_moderate_or_greater_flag,qt_corrected,tabular,qt_corrected,0.003811301993743732,0.00040342691629750046
aortic_stenosis_moderate_or_greater_flag,age_at_ecg,tabular,age_at_ecg,8.854631625554443e-05,0.00023490364529484955
aortic_stenosis_moderate_or_greater_flag,I_mean,I,mean,0.000198503422097418,0.0002687653902738592
aortic_stenosis_moderate_or_greater_flag,I_std,I,std,-6.350657928089198e-06,0.0
aortic_stenosis_moderate_or_greater_flag,I_min,I,min,-5.26197371186754e-06,1.2325072178144944e-05
aortic_stenosis_moderate_or_greater_flag,I_max,I,max,0.0005648456608677189,0.0004082471457238234
aortic_stenosis_moderate_or_greater_flag,I_rms,I,rms,0.00026037697505472136,0.00010768714114708878
aortic_stenosis_moderate_or_greater_flag,I_energy,I,energy,-4.9535131839517635e-05,4.084218663521692e-05
aortic_stenosis_moderate_or_greater_flag,I_skewness,I,skewness,0.0003075532910923995,0.00046167392502292
aortic_stenosis_moderate_or_greater_flag,I_kurtosis,I,kurtosis,-7.07644740565172e-06,8.183256242678476e-06
aortic_stenosis_moderate_or_greater_flag,I_zcr,I,zcr,-0.0001765482904028559,0.0002925872447988501
aortic_stenosis_moderate_or_greater_flag,I_lf_power,I,lf_power,0.0012906351383718206,0.0003580612709475097
aortic_stenosis_moderate_or_greater_flag,I_ecg_band_power,I,ecg_band_power,0.00044255013390819274,0.0007684304447790366
aortic_stenosis_moderate_or_greater_flag,I_hf_power,I,hf_power,0.0009903397420544912,0.0004202379833201327
aortic_stenosis_moderate_or_greater_flag,I_total_power,I,total_power,0.00028269500148789815,0.0003013526724438723
aortic_stenosis_moderate_or_greater_flag,I_dominant_freq,I,dominant_freq,-5.606723713711403e-05,0.00011968568875252934
aortic_stenosis_moderate_or_greater_flag,I_spectral_entropy,I,spectral_entropy,0.0007423011881174446,0.0015191966822624906
aortic_stenosis_moderate_or_greater_flag,II_mean,II,mean,8.890921099458104e-06,9.254064880233395e-05
aortic_stenosis_moderate_or_greater_flag,II_std,II,std,0.00010796118477875982,7.02812910557945e-05
aortic_stenosis_moderate_or_greater_flag,II_min,II,min,0.00010378789528320276,0.00011760757281576872
aortic_stenosis_moderate_or_greater_flag,II_max,II,max,3.0846052794020195e-06,1.587638560778382e-05
aortic_stenosis_moderate_or_greater_flag,II_rms,II,rms,2.9031579099836336e-06,1.4515789549918168e-06
aortic_stenosis_moderate_or_greater_flag,II_energy,II,energy,-4.245868443395473e-05,0.0001301363504826842
aortic_stenosis_moderate_or_greater_flag,II_skewness,II,skewness,-0.0006319811875366898,0.0002868197976288781
aortic_stenosis_moderate_or_greater_flag,II_kurtosis,II,kurtosis,1.614881587452821e-05,2.1209947955421408e-05
aortic_stenosis_moderate_or_greater_flag,II_zcr,II,zcr,-2.576552645130459e-05,2.3325692731981804e-05
aortic_stenosis_moderate_or_greater_flag,II_lf_power,II,lf_power,0.0008475406623555725,0.00026525681643397865
aortic_stenosis_moderate_or_greater_flag,II_ecg_band_power,II,ecg_band_power,2.4495394865864383e-05,6.693170196871e-05
aortic_stenosis_moderate_or_greater_flag,II_hf_power,II,hf_power,0.00027289684354157016,0.000491427480825784
aortic_stenosis_moderate_or_greater_flag,II_total_power,II,total_power,-0.00010124763211172283,0.00010401002576950562
aortic_stenosis_moderate_or_greater_flag,II_dominant_freq,II,dominant_freq,8.491736886804269e-05,2.3276239410132e-05
aortic_stenosis_moderate_or_greater_flag,II_spectral_entropy,II,spectral_entropy,8.70947373015074e-06,7.834577201871572e-05
aortic_stenosis_moderate_or_greater_flag,III_mean,III,mean,0.0002696307908928386,0.00018714112586566825
aortic_stenosis_moderate_or_greater_flag,III_std,III,std,-2.2136579063913864e-05,8.665626983264847e-05
aortic_stenosis_moderate_or_greater_flag,III_min,III,min,0.00018797947467361631,0.00021515358530365203
aortic_stenosis_moderate_or_greater_flag,III_max,III,max,-0.0005272860554066839,0.0002176879981888739
aortic_stenosis_moderate_or_greater_flag,III_rms,III,rms,0.0008346578991298648,0.0005126127432900768
aortic_stenosis_moderate_or_greater_flag,III_energy,III,energy,0.0023112765911121437,0.0008932225889222857
aortic_stenosis_moderate_or_greater_flag,III_skewness,III,skewness,-0.00011249736901313146,0.0003151668205385859
aortic_stenosis_moderate_or_greater_flag,III_kurtosis,III,kurtosis,5.0442368686631764e-05,1.942927721993449e-05
aortic_stenosis_moderate_or_greater_flag,III_zcr,III,zcr,-0.0001297348691037703,0.00012167936892172613
aortic_stenosis_moderate_or_greater_flag,III_lf_power,III,lf_power,0.0029993250157859695,0.001156167630855552
aortic_stenosis_moderate_or_greater_flag,III_ecg_band_power,III,ecg_band_power,0.0011530980323847917,0.0009302052955536858
aortic_stenosis_moderate_or_greater_flag,III_hf_power,III,hf_power,0.0002034025010706264,0.00011227678199084085
aortic_stenosis_moderate_or_greater_flag,III_total_power,III,total_power,0.0004463605286650463,6.819621591976329e-05
aortic_stenosis_moderate_or_greater_flag,III_dominant_freq,III,dominant_freq,-0.00011485618481490433,9.697780531250601e-05
aortic_stenosis_moderate_or_greater_flag,III_spectral_entropy,III,spectral_entropy,-5.987763189385653e-06,0.00011955247586329096
aortic_stenosis_moderate_or_greater_flag,aVR_mean,aVR,mean,-2.0866447478162797e-05,0.0004398289473489505
aortic_stenosis_moderate_or_greater_flag,aVR_std,aVR,std,3.955552652405992e-05,8.004194450216432e-05
aortic_stenosis_moderate_or_greater_flag,aVR_min,aVR,min,2.03221053701963e-05,2.071680852397993e-05
aortic_stenosis_moderate_or_greater_flag,aVR_max,aVR,max,-0.0024845588288660457,5.416317949150301e-05
aortic_stenosis_moderate_or_greater_flag,aVR_rms,aVR,rms,0.0,0.0
aortic_stenosis_moderate_or_greater_flag,aVR_energy,aVR,energy,-5.026092131708015e-05,5.4496472136016665e-05
aortic_stenosis_moderate_or_greater_flag,aVR_skewness,aVR,skewness,0.00012374710591451789,0.0002183533451412531
aortic_stenosis_moderate_or_greater_flag,aVR_kurtosis,aVR,kurtosis,6.332513191233957e-05,0.0005283719356555589
aortic_stenosis_moderate_or_greater_flag,aVR_zcr,aVR,zcr,-3.120894753261272e-05,0.00013042595436425766
aortic_stenosis_moderate_or_greater_flag,aVR_lf_power,aVR,lf_power,0.0016404656665288454,0.0007043560183169948
aortic_stenosis_moderate_or_greater_flag,aVR_ecg_band_power,aVR,ecg_band_power,0.0013091427700481439,0.0005170387284423458
aortic_stenosis_moderate_or_greater_flag,aVR_hf_power,aVR,hf_power,-9.689289524674737e-05,0.0002454617437673822
aortic_stenosis_moderate_or_greater_flag,aVR_total_power,aVR,total_power,9.979605315835193e-06,8.756222171755262e-05
aortic_stenosis_moderate_or_greater_flag,aVR_dominant_freq,aVR,dominant_freq,-5.080526342522429e-05,3.277624619235869e-05
aortic_stenosis_moderate_or_greater_flag,aVR_spectral_entropy,aVR,spectral_entropy,7.657078987677313e-05,0.00010964677017156122
aortic_stenosis_moderate_or_greater_flag,aVL_mean,aVL,mean,0.00036507210718461636,0.00020631818596913743
aortic_stenosis_moderate_or_greater_flag,aVL_std,aVL,std,0.00021682960640438952,0.00011364458825642207
aortic_stenosis_moderate_or_greater_flag,aVL_min,aVL,min,-0.00010179197421988917,0.00017699109698577468
aortic_stenosis_moderate_or_greater_flag,aVL_max,aVL,max,5.443421081374744e-06,6.959872659529956e-05
aortic_stenosis_moderate_or_greater_flag,aVL_rms,aVL,rms,-0.00010433223739116925,0.00019561675870726609
aortic_stenosis_moderate_or_greater_flag,aVL_energy,aVL,energy,-0.00012792039541009714,0.00020850426625390047
aortic_stenosis_moderate_or_greater_flag,aVL_skewness,aVL,skewness,0.001049128689732326,0.0005966304601531244
aortic_stenosis_moderate_or_greater_flag,aVL_kurtosis,aVL,kurtosis,0.0022817006699037633,0.0017527634621252522
aortic_stenosis_moderate_or_greater_flag,aVL_zcr,aVL,zcr,-0.0002048540800255072,0.00013823550896288253
aortic_stenosis_moderate_or_greater_flag,aVL_lf_power,aVL,lf_power,0.0002701751330009827,0.00029876090413272764
aortic_stenosis_moderate_or_greater_flag,aVL_ecg_band_power,aVL,ecg_band_power,0.00042876013383561504,0.0001795821198986525
aortic_stenosis_moderate_or_greater_flag,aVL_hf_power,aVL,hf_power,0.0002066685537193802,0.00026695921728540954
aortic_stenosis_moderate_or_greater_flag,aVL_total_power,aVL,total_power,-3.647092124454687e-05,3.8351123936642496e-05
aortic_stenosis_moderate_or_greater_flag,aVL_dominant_freq,aVL,dominant_freq,-0.00044164289706123406,0.0005234114740317698
aortic_stenosis_moderate_or_greater_flag,aVL_spectral_entropy,aVL,spectral_entropy,2.1592236955747524e-05,1.7483091965457075e-05
aortic_stenosis_moderate_or_greater_flag,aVF_mean,aVF,mean,0.00013898868494213179,0.00019143892748648455
aortic_stenosis_moderate_or_greater_flag,aVF_std,aVF,std,-3.4837894920070055e-05,1.1878914584264895e-05
aortic_stenosis_moderate_or_greater_flag,aVF_min,aVF,min,-0.00022953092226061234,0.00021524583755636932
aortic_stenosis_moderate_or_greater_flag,aVF_max,aVF,max,-0.00017400802723159802,6.880756029621159e-05
aortic_stenosis_moderate_or_greater_flag,aVF_rms,aVF,rms,0.00021755539588197426,4.509396083761425e-05
aortic_stenosis_moderate_or_greater_flag,aVF_energy,aVF,energy,-3.1027500163194335e-05,4.498065282081151e-05
aortic_stenosis_moderate_or_greater_flag,aVF_skewness,aVF,skewness,0.0010473142160384752,0.000195482574132547
aortic_stenosis_moderate_or_greater_flag,aVF_kurtosis,aVF,kurtosis,0.00015314157975341303,0.0003492045958970635
aortic_stenosis_moderate_or_greater_flag,aVF_zcr,aVF,zcr,1.3971447441996076e-05,7.726888876284576e-05
aortic_stenosis_moderate_or_greater_flag,aVF_lf_power,aVF,lf_power,-6.350657928066994e-06,9.438054292730541e-05
aortic_stenosis_moderate_or_greater_flag,aVF_ecg_band_power,aVF,ecg_band_power,-0.00018054013252915,0.00020636637187996246
aortic_stenosis_moderate_or_greater_flag,aVF_hf_power,aVF,hf_power,-7.149026353403531e-05,6.181579274314758e-05
aortic_stenosis_moderate_or_greater_flag,aVF_total_power,aVF,total_power,0.0,0.0
aortic_stenosis_moderate_or_greater_flag,aVF_dominant_freq,aVF,dominant_freq,-1.7600394829453414e-05,2.0780279286968705e-05
aortic_stenosis_moderate_or_greater_flag,aVF_spectral_entropy,aVF,spectral_entropy,-0.000564301318759397,0.0004091829278072431
aortic_stenosis_moderate_or_greater_flag,V1_mean,V1,mean,-0.00019051973784480757,0.00023320116821299629
aortic_stenosis_moderate_or_greater_flag,V1_std,V1,std,0.0007462930302437387,0.0003901146291546855
aortic_stenosis_moderate_or_greater_flag,V1_min,V1,min,0.0006466784244562263,0.00015407478126182444
aortic_stenosis_moderate_or_greater_flag,V1_max,V1,max,-0.0004799282919995873,0.00026048285051269107
aortic_stenosis_moderate_or_greater_flag,V1_rms,V1,rms,0.00011286026375199044,8.721675079336708e-05
aortic_stenosis_moderate_or_greater_flag,V1_energy,V1,energy,3.356776333462985e-05,1.585978718648353e-05
aortic_stenosis_moderate_or_greater_flag,V1_skewness,V1,skewness,-2.2862368541320954e-05,0.0003105530963067504
aortic_stenosis_moderate_or_greater_flag,V1_kurtosis,V1,kurtosis,0.00012465434276140997,0.0006098720058163961
aortic_stenosis_moderate_or_greater_flag,V1_zcr,V1,zcr,-6.350657928158032e-05,9.883969679517005e-05
aortic_stenosis_moderate_or_greater_flag,V1_lf_power,V1,lf_power,0.006964675826129918,0.0007188754714977136
aortic_stenosis_moderate_or_greater_flag,V1_ecg_band_power,V1,ecg_band_power,0.0011527351376459994,0.00026398291316482556
aortic_stenosis_moderate_or_greater_flag,V1_hf_power,V1,hf_power,-0.0006243603980229162,0.0003697616926210925
aortic_stenosis_moderate_or_greater_flag,V1_total_power,V1,total_power,-8.709473730017514e-06,7.94515744138447e-05
aortic_stenosis_moderate_or_greater_flag,V1_dominant_freq,V1,dominant_freq,1.0523947423890511e-05,0.00013437963265902633
aortic_stenosis_moderate_or_greater_flag,V1_spectral_entropy,V1,spectral_entropy,-7.530065829102206e-05,0.00014812708019453158
aortic_stenosis_moderate_or_greater_flag,V2_mean,V2,mean,0.012449829802367595,0.001718718617637938
aortic_stenosis_moderate_or_greater_flag,V2_std,V2,std,7.765947409297259e-05,0.00016024443040473036
aortic_stenosis_moderate_or_greater_flag,V2_min,V2,min,0.0002899528962630571,0.0001641859084646444
aortic_stenosis_moderate_or_greater_flag,V2_max,V2,max,0.00013209368490585405,0.0001614959057498819
aortic_stenosis_moderate_or_greater_flag,V2_rms,V2,rms,0.00016348407980788516,0.00010750415937809673
aortic_stenosis_moderate_or_greater_flag,V2_energy,V2,energy,-5.0079473947683975e-05,4.9149802141955506e-05
aortic_stenosis_moderate_or_greater_flag,V2_skewness,V2,skewness,-0.0007268781617203457,0.0016823969362903984
aortic_stenosis_moderate_or_greater_flag,V2_kurtosis,V2,kurtosis,2.8305789622762312e-05,0.00026407506291870443
aortic_stenosis_moderate_or_greater_flag,V2_zcr,V2,zcr,0.00014171039548274144,7.647183281658774e-05
aortic_stenosis_moderate_or_greater_flag,V2_lf_power,V2,lf_power,0.00817492977986809,0.0015219322946926825
aortic_stenosis_moderate_or_greater_flag,V2_ecg_band_power,V2,ecg_band_power,0.00012320276380644034,6.331811278537307e-05
aortic_stenosis_moderate_or_greater_flag,V2_hf_power,V2,hf_power,9.38082899675008e-05,0.00016552993115589616
aortic_stenosis_moderate_or_greater_flag,V2_total_power,V2,total_power,0.00021737394851260028,0.00026811241920261515
aortic_stenosis_moderate_or_greater_flag,V2_dominant_freq,V2,dominant_freq,-5.751881609219467e-05,0.00011258162269234295
aortic_stenosis_moderate_or_greater_flag,V2_spectral_entropy,V2,spectral_entropy,0.00020721289582750213,0.00022068699938052662
aortic_stenosis_moderate_or_greater_flag,V3_mean,V3,mean,-0.001145295795501533,0.0007698272396703075
aortic_stenosis_moderate_or_greater_flag,V3_std,V3,std,-8.727618466979337e-05,0.0003729215350565891
aortic_stenosis_moderate_or_greater_flag,V3_min,V3,min,0.001061467110849934,0.00034219934807409326
aortic_stenosis_moderate_or_greater_flag,V3_max,V3,max,-3.175328964071245e-05,3.2321068691972735e-05
aortic_stenosis_moderate_or_greater_flag,V3_rms,V3,rms,0.0,0.0
aortic_stenosis_moderate_or_greater_flag,V3_energy,V3,energy,4.100710547900732e-05,3.3679877317850834e-05
aortic_stenosis_moderate_or_greater_flag,V3_skewness,V3,skewness,0.0004222280285381297,0.00020222356123656066
aortic_stenosis_moderate_or_greater_flag,V3_kurtosis,V3,kurtosis,7.221605301164225e-05,0.00015338861329777654
aortic_stenosis_moderate_or_greater_flag,V3_zcr,V3,zcr,-0.0001266502638244127,0.00021265105301201552
aortic_stenosis_moderate_or_greater_flag,V3_lf_power,V3,lf_power,-0.0025538717239676156,0.0001582185686649942
aortic_stenosis_moderate_or_greater_flag,V3_ecg_band_power,V3,ecg_band_power,0.002224907643289087,0.0011448866896998351
aortic_stenosis_moderate_or_greater_flag,V3_hf_power,V3,hf_power,0.00018453197465548855,0.0001474784305376722
aortic_stenosis_moderate_or_greater_flag,V3_total_power,V3,total_power,8.509881623741666e-05,0.0002019953416762435
aortic_stenosis_moderate_or_greater_flag,V3_dominant_freq,V3,dominant_freq,8.709473730106332e-06,5.189711970131292e-05
aortic_stenosis_moderate_or_greater_flag,V3_spectral_entropy,V3,spectral_entropy,-2.195513169445107e-05,0.00039740594390538623
aortic_stenosis_moderate_or_greater_flag,V4_mean,V4,mean,-0.00016765736930344222,0.0006778829523517188
aortic_stenosis_moderate_or_greater_flag,V4_std,V4,std,4.0462763370952e-05,0.00010247616687914628
aortic_stenosis_moderate_or_greater_flag,V4_min,V4,min,0.0015927450083829341,0.000999680259559993
aortic_stenosis_moderate_or_greater_flag,V4_max,V4,max,-1.7781842198849595e-05,1.1340097685457286e-05
aortic_stenosis_moderate_or_greater_flag,V4_rms,V4,rms,-0.00015531894818583415,0.0001575934905885026
aortic_stenosis_moderate_or_greater_flag,V4_energy,V4,energy,0.0,0.0
aortic_stenosis_moderate_or_greater_flag,V4_skewness,V4,skewness,0.00016130671137537522,0.00015278083995626745
aortic_stenosis_moderate_or_greater_flag,V4_kurtosis,V4,kurtosis,-0.00025348197501826595,0.00019793621064508756
aortic_stenosis_moderate_or_greater_flag,V4_zcr,V4,zcr,8.881784197001253e-17,8.95346707753032e-05
aortic_stenosis_moderate_or_greater_flag,V4_lf_power,V4,lf_power,-0.0004086194758347927,9.612532956494065e-05
aortic_stenosis_moderate_or_greater_flag,V4_ecg_band_power,V4,ecg_band_power,0.0005269231606680247,0.00036716824562738894
aortic_stenosis_moderate_or_greater_flag,V4_hf_power,V4,hf_power,-0.000224087501179282,0.0003701121614355947
aortic_stenosis_moderate_or_greater_flag,V4_total_power,V4,total_power,-9.27196057511459e-05,0.00012484106465212376
aortic_stenosis_moderate_or_greater_flag,V4_dominant_freq,V4,dominant_freq,1.1975526378815714e-05,1.4666964514669237e-05
aortic_stenosis_moderate_or_greater_flag,V4_spectral_entropy,V4,spectral_entropy,-0.00030610171213731887,0.0003563575521528743
aortic_stenosis_moderate_or_greater_flag,V5_mean,V5,mean,-4.10071054788963e-05,0.00020102976508784776
aortic_stenosis_moderate_or_greater_flag,V5_std,V5,std,0.0006513960560600163,0.00014148008846462916
aortic_stenosis_moderate_or_greater_flag,V5_min,V5,min,0.00033277447543575975,0.0002697728831547624
aortic_stenosis_moderate_or_greater_flag,V5_max,V5,max,-0.00015586329029397826,0.00047300110083790727
aortic_stenosis_moderate_or_greater_flag,V5_rms,V5,rms,0.009693825708914949,0.0011269031330643161
aortic_stenosis_moderate_or_greater_flag,V5_energy,V5,energy,0.0,0.0
aortic_stenosis_moderate_or_greater_flag,V5_skewness,V5,skewness,-9.489697418361143e-05,0.0003291700335336901
aortic_stenosis_moderate_or_greater_flag,V5_kurtosis,V5,kurtosis,0.00026582039613598507,0.00022600651974837986
aortic_stenosis_moderate_or_greater_flag,V5_zcr,V5,zcr,0.0005849863188684523,0.00036413119207630794
aortic_stenosis_moderate_or_greater_flag,V5_lf_power,V5,lf_power,1.0523947423801695e-05,2.1747964090057818e-05
aortic_stenosis_moderate_or_greater_flag,V5_ecg_band_power,V5,ecg_band_power,0.00357523896618559,0.0020156638155230566
aortic_stenosis_moderate_or_greater_flag,V5_hf_power,V5,hf_power,-0.0030183769895703707,0.00010979590073416658
aortic_stenosis_moderate_or_greater_flag,V5_total_power,V5,total_power,1.070539479322008e-05,0.00011106505975723624
aortic_stenosis_moderate_or_greater_flag,V5_dominant_freq,V5,dominant_freq,0.00010415079002195071,0.00021404899425115734
aortic_stenosis_moderate_or_greater_flag,V5_spectral_entropy,V5,spectral_entropy,-0.00023533723808064622,0.00045523463537924954
aortic_stenosis_moderate_or_greater_flag,V6_mean,V6,mean,0.001227491453828966,0.0003948900925418194
aortic_stenosis_moderate_or_greater_flag,V6_std,V6,std,9.562276366126277e-05,0.000235409763883707
aortic_stenosis_moderate_or_greater_flag,V6_min,V6,min,-6.659118456089352e-05,8.290298337997775e-05
aortic_stenosis_moderate_or_greater_flag,V6_max,V6,max,3.266052648773776e-05,3.704371475075325e-05
aortic_stenosis_moderate_or_greater_flag,V6_rms,V6,rms,1.760039482954223e-05,8.733180828973828e-05
aortic_stenosis_moderate_or_greater_flag,V6_energy,V6,energy,-1.6330263243879983e-06,3.2660526487759967e-06
aortic_stenosis_moderate_or_greater_flag,V6_skewness,V6,skewness,-0.0002322526328012664,0.00014896044427569646
aortic_stenosis_moderate_or_greater_flag,V6_kurtosis,V6,kurtosis,2.8668684361465857e-05,0.00012888716390637122
aortic_stenosis_moderate_or_greater_flag,V6_zcr,V6,zcr,-0.00020213236948483094,0.0002724197652531855
aortic_stenosis_moderate_or_greater_flag,V6_lf_power,V6,lf_power,0.0004576102655664549,0.00022471991153985286
aortic_stenosis_moderate_or_greater_flag,V6_ecg_band_power,V6,ecg_band_power,0.00017346368512360932,0.0002962693850034783
aortic_stenosis_moderate_or_greater_flag,V6_hf_power,V6,hf_power,-0.00030773473846172904,0.0017455983266502749
aortic_stenosis_moderate_or_greater_flag,V6_total_power,V6,total_power,0.0,0.0
aortic_stenosis_moderate_or_greater_flag,V6_dominant_freq,V6,dominant_freq,0.0002705380277397529,0.0002963404969280492
aortic_stenosis_moderate_or_greater_flag,V6_spectral_entropy,V6,spectral_entropy,-0.000690588687845084,0.0006030190873637883
