trial_number,state,role,lr_multiplier,weight_decay,dropout,end_lr_fraction,final_val_mean_auroc,final_shd_auroc,best_reported_auroc,n_epochs_run,duration_s,timestamp
-1,COMPLETE,control,1.0,0.0001,0.3,0.8534966431896361,0.787208,0.8179,0.787208,5,460.7,2026-09-24 02:21:35
-1,COMPLETE,control,1.0,0.0001,0.3,0.8534966431896361,0.774908,0.8083,0.774908,5,479.3,2026-09-24 02:52:31
1,PRUNED,trial,0.14789365614666458,0.00027306507478234055,0.16669548209299415,0.004460095599345031,,,0.7953416666666667,2,149.1,2026-09-24 02:55:03
2,PRUNED,trial,0.30424542234514246,0.0027324357812978104,0.43304510654901285,0.028878895447528682,,,0.7920083333333334,1,117.9,2026-09-24 02:57:01
3,COMPLETE,trial,0.11037149793717412,0.0008609802417157013,0.29747500921550296,0.14611712392187035,0.79175,0.8191,0.7960083333333333,5,519.6,2026-09-24 03:05:41
4,PRUNED,trial,0.23758053318734113,1.688650397596816e-06,0.5333243204496001,0.003949577407746839,,,0.7974749999999999,4,267.0,2026-09-24 03:10:08
5,PRUNED,trial,0.3964774775413866,1.8381708896171774e-05,0.13833134999822363,0.18872879048982105,,,0.7946,1,64.6,2026-09-24 03:11:13
6,PRUNED,trial,1.7946760166027829,0.007688831894006761,0.2926884571975691,0.37682075827499734,,,0.805775,2,139.9,2026-09-24 03:13:34
7,PRUNED,trial,0.4554483670048693,0.00047741779969256927,0.1412500248485777,0.2637801788003139,,,0.7900416666666666,1,65.7,2026-09-24 03:14:40
8,PRUNED,trial,0.27554168180221233,1.1200032693099209e-05,0.10256477453222848,0.029247402038742442,,,0.7939083333333334,1,63.3,2026-09-24 03:15:43
9,PRUNED,trial,0.5040962913966263,0.00035115164745742097,0.5891020670410031,0.2834350321890979,,,0.7954333333333333,2,131.2,2026-09-24 03:17:55
10,PRUNED,trial,2.2100721570846042,0.00012618934451314432,0.15200947492738145,0.003078102417216263,,,0.79305,1,63.9,2026-09-24 03:18:59
11,PRUNED,trial,1.0480778553605308,0.003773300045317521,0.3107138545744306,0.017735344921657018,,,0.7942666666666667,1,65.8,2026-09-24 03:20:05
12,PRUNED,trial,0.20461533958269854,4.072157691857936e-06,0.5606556667035829,0.023024930955500643,,,0.796725,4,259.8,2026-09-24 03:24:25
13,PRUNED,trial,0.11556087488715625,6.4046800466418304e-06,0.38181446573387184,0.2711066754413951,,,0.7972583333333332,2,130.3,2026-09-24 03:26:36
14,PRUNED,trial,0.39772225815441825,2.3163330648747185e-06,0.4841320485045766,0.0017049314318932215,,,0.7928583333333333,1,64.3,2026-09-24 03:27:40
15,COMPLETE,trial,0.10988254096643456,1.2833615377900657e-05,0.4200660372870482,0.002910680020598451,0.793642,0.822,0.7975666666666669,5,324.8,2026-09-24 03:33:05
16,PRUNED,trial,0.1416595593689521,0.0017187858977443717,0.3430187233314047,0.41849134489557094,,,0.7988,2,126.0,2026-09-24 03:35:12
17,PRUNED,trial,0.1549953806508541,1.039522383821556e-05,0.40938949165292327,0.0052221143020214555,,,0.7961,2,129.5,2026-09-24 03:37:21
18,PRUNED,trial,0.10427909578854452,0.005431867033826737,0.17554507628648774,0.027696438012801042,,,0.7937,1,63.2,2026-09-24 03:38:25
19,COMPLETE,trial,0.11420698798566024,1.5651781741631e-06,0.43499444780646984,0.0011197479505882805,0.793342,0.8211,0.7968250000000001,5,327.5,2026-09-24 03:43:53
20,PRUNED,trial,0.1477310597607612,1.7097788260955874e-06,0.367338648954026,0.001258323513730046,,,0.79675,2,128.3,2026-09-24 03:46:02
21,COMPLETE,trial,0.1172215575158644,6.020731495488262e-05,0.48881417506178265,0.003997573373437934,0.794958,0.8217,0.7976916666666667,5,317.8,2026-09-24 03:51:20
22,COMPLETE,trial,0.11577977523150407,4.8690435471224e-05,0.4926795371961123,0.004708532249080483,0.793983,0.8206,0.7984833333333333,5,317.3,2026-09-24 03:56:38
23,PRUNED,trial,0.10805696355445675,7.795827196989286e-05,0.46695451562078527,0.010620491814417307,,,0.7976416666666667,2,130.6,2026-09-24 03:58:49
24,COMPLETE,trial,0.1383323553393258,8.846238126104332e-05,0.5922787453572493,0.003050110028709013,0.7952,0.8215,0.7974166666666668,5,325.4,2026-09-24 04:04:15
25,COMPLETE,trial,0.11241894507886564,5.3074166191659854e-05,0.5751664802470379,0.0026747708937080107,0.794475,0.8218,0.7979083333333333,5,326.8,2026-09-24 04:09:42
26,COMPLETE,trial,0.11622865376249461,0.00012736122945785337,0.5829449551677792,0.001078043702457296,0.795408,0.8219,0.7987333333333334,5,320.0,2026-09-24 04:15:02
27,PRUNED,trial,0.393670331915888,4.567040377323134e-05,0.5228421077473019,0.0013322483807768069,,,0.7947583333333333,1,67.1,2026-09-24 04:16:10
28,COMPLETE,trial,0.16702615208291996,0.0010694753974851985,0.5819013617039869,0.0011306774393715472,0.794533,0.8208,0.7982249999999999,5,330.5,2026-09-24 04:21:40
29,PRUNED,trial,0.17665823090837998,1.6918620795481074e-05,0.5681931431891775,0.003295088418927119,,,0.7977250000000001,2,132.7,2026-09-24 04:23:54
30,COMPLETE,trial,0.11268819603100753,0.00036568971867018574,0.5312874317827275,0.0010168400887777302,0.79575,0.8219,0.7985500000000001,5,340.7,2026-09-24 04:29:35
31,PRUNED,trial,0.19543891036671032,0.0003709297284416494,0.5941139388347181,0.005752849551265986,,,0.795525,1,66.6,2026-09-24 04:30:42
32,PRUNED,trial,0.12755543873440373,0.00023276793584634146,0.4510972106810015,0.0011338589361307105,,,0.7973083333333334,2,133.7,2026-09-24 04:32:56
33,PRUNED,trial,0.11402111180990065,0.00028695606824717017,0.5212206241500513,0.0023672433779450223,,,0.7969416666666665,2,135.4,2026-09-24 04:35:11
34,PRUNED,trial,0.19530262876703056,5.579712824972706e-05,0.5244849666004711,0.004581309966282568,,,0.7953583333333333,1,66.5,2026-09-24 04:36:18
35,PRUNED,trial,0.10226874428843338,0.001638820627207563,0.5622619772551882,0.0015974561393497155,,,0.799125,2,133.9,2026-09-24 04:38:32
36,PRUNED,trial,0.1929924255512446,0.00020943638325692982,0.5105072811721306,0.002987104941848562,,,0.7976333333333333,2,128.2,2026-09-24 04:40:41
37,PRUNED,trial,0.14756071871296875,3.654855020801269e-05,0.5554845741304785,0.0010410144125534142,,,0.7987500000000001,2,125.8,2026-09-24 04:42:47
38,COMPLETE,trial,0.14715768905770904,0.00013662974556643564,0.5721835881548155,0.002024155937758929,0.795167,0.8211,0.79805,5,325.0,2026-09-24 04:48:12
39,PRUNED,trial,0.10723448410722407,0.00011975392575306309,0.5545830982353079,0.006863427816843121,,,0.7966416666666666,1,64.5,2026-09-24 04:49:17
40,PRUNED,trial,0.15667569854062174,0.001191417923915657,0.48616808598236216,0.002046919508337081,,,0.7964916666666667,1,67.6,2026-09-24 04:50:25
41,PRUNED,trial,0.22754342673109443,0.000627955243160321,0.5750668385571169,0.0017146191805014553,,,0.79895,2,135.6,2026-09-24 04:52:41
42,PRUNED,trial,0.30001074512880027,7.15179162952971e-05,0.5810257004477141,0.004542982887455339,,,0.7937166666666666,1,66.0,2026-09-24 04:53:47
43,PRUNED,trial,0.13022048793263252,0.00017649715908287823,0.598424544467796,0.0015956163027728623,,,0.7965499999999999,1,63.4,2026-09-24 04:54:51
44,PRUNED,trial,0.10905421746572781,0.0001789038073522658,0.5403095599523711,0.001107788741667508,,,0.7988833333333333,4,256.8,2026-09-24 04:59:08
45,COMPLETE,trial,0.12289879173848299,1.6205811884015815e-05,0.5803467383415462,0.0017584020192634687,0.795558,0.822,0.7981916666666665,5,317.6,2026-09-24 05:04:26
46,PRUNED,trial,0.2010785718247404,6.12227776449491e-05,0.5860229358205717,0.0021068176035624626,,,0.7973499999999999,2,128.0,2026-09-24 05:06:34
47,PRUNED,trial,0.15562787037448325,0.00011716831773490147,0.4792384514340651,0.007269056470210231,,,0.7984000000000001,2,136.0,2026-09-24 05:08:51
48,PRUNED,trial,0.16751823545804959,0.00016755074893042127,0.511198463109847,0.0013689581328022967,,,0.7969750000000001,4,263.8,2026-09-24 05:13:15
49,PRUNED,trial,0.22981663812141617,0.00010191578151108702,0.5388331046434566,0.0015868461654430814,,,0.7959083333333332,1,65.6,2026-09-24 05:14:21
50,PRUNED,trial,0.1113633868330617,0.0001380101152943985,0.5956458478179014,0.0033182719108859893,,,0.7992583333333334,2,128.9,2026-09-24 05:16:30
51,PRUNED,trial,0.25303636958670217,1.2822326225834239e-05,0.5196954992611778,0.0016190575805760303,,,0.8011333333333331,2,131.2,2026-09-24 05:18:42
52,COMPLETE,trial,0.1269017178529865,5.81191243939191e-05,0.5663919391959373,0.014343095842085448,0.795442,0.8215,0.8000333333333333,5,329.4,2026-09-24 05:24:11
53,COMPLETE,trial,0.10072054162992503,5.978556298087516e-05,0.5907602488957739,0.0012131700744679634,0.795783,0.8217,0.7974916666666667,5,331.0,2026-09-24 05:29:43
54,COMPLETE,trial,0.11686951498570532,0.0003923424140395943,0.5933957112853245,0.0011790072023598528,0.7956,0.8209,0.7992500000000001,5,315.1,2026-09-24 05:34:58
55,PRUNED,trial,0.14993520568522223,0.0006526677095893104,0.595059398365758,0.0022848465268186075,,,0.7971083333333334,1,63.8,2026-09-24 05:36:03
56,PRUNED,trial,0.11806365278136716,2.0345944387843645e-05,0.5622125660004338,0.0016411165293088003,,,0.7976999999999999,4,272.6,2026-09-24 05:40:36
57,COMPLETE,trial,0.11729468437476669,6.248704303549958e-05,0.5630590351113487,0.04292422320432668,0.794975,0.821,0.7989250000000001,5,327.4,2026-09-24 05:46:04
58,PRUNED,trial,0.16217570020519925,2.9891024709832144e-05,0.48693180242545997,0.0016045008909216492,,,0.7976166666666668,4,268.9,2026-09-24 05:50:33
59,COMPLETE,trial,0.10600332229324237,0.0010077705245268563,0.5861426907323002,0.003207974569306068,0.794725,0.822,0.7989416666666668,5,322.3,2026-09-24 05:55:56
60,PRUNED,trial,0.1288396793863445,0.0007537018408185518,0.525755309216638,0.002924231975436488,,,0.7982,2,133.2,2026-09-24 05:58:09
61,PRUNED,trial,0.10724313515803068,0.0009050878382054318,0.5089871419898868,0.0014606376579722135,,,0.7971416666666666,1,66.4,2026-09-24 05:59:16
62,PRUNED,trial,0.12313681369342179,3.1987161459768077e-06,0.5890954789437445,0.001538501217667417,,,0.7999916666666667,2,135.4,2026-09-24 06:01:32
63,PRUNED,trial,0.1306549245703221,4.29104044178189e-05,0.5298272018054848,0.0021270912176808154,,,0.8000666666666666,4,259.9,2026-09-24 06:05:52
64,COMPLETE,trial,0.1109945251442064,6.853963817994265e-05,0.5991015214744404,0.0010229238984170248,0.795542,0.8216,0.7993333333333332,5,338.5,2026-09-24 06:11:31
65,PRUNED,trial,0.1427995486546722,0.0002217660591232042,0.5806297934617098,0.0010143031862697917,,,0.800325,4,254.0,2026-09-24 06:15:45
66,PRUNED,trial,0.18202593770195175,9.807061670625396e-05,0.5836638353279356,0.0010119262412864188,,,0.7992583333333333,2,127.0,2026-09-24 06:17:53
67,PRUNED,trial,0.1491516279674747,0.00010741100227223614,0.5397530336013159,0.0010808355165623758,,,0.7972333333333333,1,63.5,2026-09-24 06:18:56
68,PRUNED,trial,0.11209825076254418,0.0004856932537329126,0.5688426432732475,0.001211010622985541,,,0.7971333333333334,1,66.6,2026-09-24 06:20:03
69,COMPLETE,trial,0.1294574633140902,5.929499587695451e-05,0.5905487343860087,0.0012775328163515981,0.795375,0.8226,0.7993916666666667,5,327.7,2026-09-24 06:25:31
70,COMPLETE,trial,0.14525388571276485,0.00022127973917161146,0.5393468820494568,0.0011820593631030603,0.793692,0.8202,0.7983666666666668,5,332.7,2026-09-24 06:31:05
71,PRUNED,trial,0.1315783281640002,0.00032099237524711813,0.5540015636847849,0.002026399563306406,,,0.7974416666666667,2,180.1,2026-09-24 06:34:05
72,PRUNED,trial,0.11267206206094936,0.00011200220209086496,0.5727198928548332,0.001594905842892469,,,0.7959666666666667,1,86.8,2026-09-24 06:35:34
73,PRUNED,trial,0.12252992893994763,7.33297850871499e-05,0.4996454637968974,0.0014525920292678023,,,0.7961583333333332,1,67.9,2026-09-24 06:36:43
74,PRUNED,trial,0.10573327640133753,0.00034698354101139625,0.5006613873538431,0.0013731044047223886,,,0.7967583333333335,1,66.0,2026-09-24 06:37:49
75,PRUNED,trial,0.13628835635621894,5.555420475550859e-05,0.5931564653576883,0.0015662076952159883,,,0.7983750000000002,2,132.6,2026-09-24 06:40:02
