target,model,trial,params_json,val_auroc
shd_moderate_or_greater_flag,HistGradientBoostingClassifier,0,"{""learning_rate"": 0.03574712922600244, ""max_iter"": 478, ""max_leaf_nodes"": 95, ""min_samples_leaf"": 122, ""l2_regularization"": 2.5361081166471375e-07, ""max_bins"": 66}",0.8119724189993975
shd_moderate_or_greater_flag,HistGradientBoostingClassifier,1,"{""learning_rate"": 0.012184186502221764, ""max_iter"": 440, ""max_leaf_nodes"": 79, ""min_samples_leaf"": 143, ""l2_regularization"": 1.5320059381854043e-08, ""max_bins"": 249}",0.8113311245148351
shd_moderate_or_greater_flag,HistGradientBoostingClassifier,2,"{""learning_rate"": 0.16967533607196555, ""max_iter"": 145, ""max_leaf_nodes"": 29, ""min_samples_leaf"": 40, ""l2_regularization"": 5.472429642032198e-06, ""max_bins"": 149}",0.8035490426335012
shd_moderate_or_greater_flag,HistGradientBoostingClassifier,3,"{""learning_rate"": 0.04345454109729477, ""max_iter"": 181, ""max_leaf_nodes"": 81, ""min_samples_leaf"": 32, ""l2_regularization"": 4.258943089524393e-06, ""max_bins"": 114}",0.8121051006168932
shd_moderate_or_greater_flag,HistGradientBoostingClassifier,4,"{""learning_rate"": 0.04717052037625178, ""max_iter"": 404, ""max_leaf_nodes"": 31, ""min_samples_leaf"": 105, ""l2_regularization"": 0.0021465011216654484, ""max_bins"": 42}",0.8092118406905544
shd_moderate_or_greater_flag,HistGradientBoostingClassifier,5,"{""learning_rate"": 0.07896186801026692, ""max_iter"": 126, ""max_leaf_nodes"": 14, ""min_samples_leaf"": 190, ""l2_regularization"": 4.905556676028774, ""max_bins"": 213}",0.7909589678285204
shd_moderate_or_greater_flag,HistGradientBoostingClassifier,6,"{""learning_rate"": 0.028180680291847244, ""max_iter"": 94, ""max_leaf_nodes"": 89, ""min_samples_leaf"": 91, ""l2_regularization"": 1.254134495897175e-07, ""max_bins"": 142}",0.7925875584294766
shd_moderate_or_greater_flag,HistGradientBoostingClassifier,7,"{""learning_rate"": 0.011240768803005551, ""max_iter"": 460, ""max_leaf_nodes"": 38, ""min_samples_leaf"": 134, ""l2_regularization"": 6.388511557344611e-06, ""max_bins"": 148}",0.7821614712408781
shd_moderate_or_greater_flag,HistGradientBoostingClassifier,8,"{""learning_rate"": 0.06420330336297862, ""max_iter"": 133, ""max_leaf_nodes"": 124, ""min_samples_leaf"": 156, ""l2_regularization"": 2.854239907497756, ""max_bins"": 232}",0.8112632586300241
shd_moderate_or_greater_flag,HistGradientBoostingClassifier,9,"{""learning_rate"": 0.0764136186923332, ""max_iter"": 465, ""max_leaf_nodes"": 17, ""min_samples_leaf"": 43, ""l2_regularization"": 2.5529693461039728e-08, ""max_bins"": 104}",0.7926330247596098
shd_moderate_or_greater_flag,HistGradientBoostingClassifier,10,"{""learning_rate"": 0.058539496745848525, ""max_iter"": 264, ""max_leaf_nodes"": 104, ""min_samples_leaf"": 54, ""l2_regularization"": 5.37264185449355e-05, ""max_bins"": 33}",0.807587253414264
shd_moderate_or_greater_flag,HistGradientBoostingClassifier,11,"{""learning_rate"": 0.04983091664414471, ""max_iter"": 380, ""max_leaf_nodes"": 92, ""min_samples_leaf"": 150, ""l2_regularization"": 1.1115430862189947e-08, ""max_bins"": 66}",0.8106255862011118
shd_moderate_or_greater_flag,HistGradientBoostingClassifier,12,"{""learning_rate"": 0.03854438320463661, ""max_iter"": 425, ""max_leaf_nodes"": 91, ""min_samples_leaf"": 195, ""l2_regularization"": 7.435899497776295e-05, ""max_bins"": 79}",0.7966004148206891
shd_moderate_or_greater_flag,HistGradientBoostingClassifier,13,"{""learning_rate"": 0.03370962431306003, ""max_iter"": 474, ""max_leaf_nodes"": 81, ""min_samples_leaf"": 65, ""l2_regularization"": 9.665519687177953e-06, ""max_bins"": 102}",0.7928795151783194
shd_moderate_or_greater_flag,HistGradientBoostingClassifier,14,"{""learning_rate"": 0.01850082006822456, ""max_iter"": 405, ""max_leaf_nodes"": 95, ""min_samples_leaf"": 86, ""l2_regularization"": 2.626105439474524e-07, ""max_bins"": 48}",0.7891078114395955
shd_moderate_or_greater_flag,HistGradientBoostingClassifier,15,"{""learning_rate"": 0.02780648391449117, ""max_iter"": 277, ""max_leaf_nodes"": 96, ""min_samples_leaf"": 149, ""l2_regularization"": 3.106649804337597e-08, ""max_bins"": 132}",0.7933873655073547
shd_moderate_or_greater_flag,HistGradientBoostingClassifier,16,"{""learning_rate"": 0.0227328024646361, ""max_iter"": 111, ""max_leaf_nodes"": 75, ""min_samples_leaf"": 104, ""l2_regularization"": 1.7270812116459777e-08, ""max_bins"": 73}",0.7903126215294987
shd_moderate_or_greater_flag,HistGradientBoostingClassifier,17,"{""learning_rate"": 0.08278617261063836, ""max_iter"": 357, ""max_leaf_nodes"": 94, ""min_samples_leaf"": 95, ""l2_regularization"": 2.6725442220753574e-07, ""max_bins"": 98}",0.8096167483853257
shd_moderate_or_greater_flag,HistGradientBoostingClassifier,18,"{""learning_rate"": 0.022750015615177196, ""max_iter"": 177, ""max_leaf_nodes"": 108, ""min_samples_leaf"": 28, ""l2_regularization"": 1.363809170109431e-06, ""max_bins"": 86}",0.7918187294591318
shd_moderate_or_greater_flag,HistGradientBoostingClassifier,19,"{""learning_rate"": 0.04934651981660468, ""max_iter"": 266, ""max_leaf_nodes"": 64, ""min_samples_leaf"": 45, ""l2_regularization"": 3.127852862428795e-07, ""max_bins"": 100}",0.8040416422019049
shd_moderate_or_greater_flag,HistGradientBoostingClassifier,20,"{""learning_rate"": 0.040921387810869896, ""max_iter"": 109, ""max_leaf_nodes"": 97, ""min_samples_leaf"": 40, ""l2_regularization"": 1.6215135265193093e-06, ""max_bins"": 123}",0.7963409612554427
shd_moderate_or_greater_flag,HistGradientBoostingClassifier,21,"{""learning_rate"": 0.03604233286259821, ""max_iter"": 479, ""max_leaf_nodes"": 105, ""min_samples_leaf"": 16, ""l2_regularization"": 2.7264865495287782e-08, ""max_bins"": 80}",0.7957429408041727
shd_moderate_or_greater_flag,HistGradientBoostingClassifier,22,"{""learning_rate"": 0.01373240615374373, ""max_iter"": 433, ""max_leaf_nodes"": 77, ""min_samples_leaf"": 156, ""l2_regularization"": 2.6105313021448076e-07, ""max_bins"": 187}",0.7876899672871185
shd_moderate_or_greater_flag,HistGradientBoostingClassifier,23,"{""learning_rate"": 0.011569235932349332, ""max_iter"": 139, ""max_leaf_nodes"": 85, ""min_samples_leaf"": 156, ""l2_regularization"": 5.553347703035334e-08, ""max_bins"": 248}",0.7888713293325504
shd_moderate_or_greater_flag,HistGradientBoostingClassifier,24,"{""learning_rate"": 0.010371762343395907, ""max_iter"": 341, ""max_leaf_nodes"": 72, ""min_samples_leaf"": 137, ""l2_regularization"": 1.1543738167551609e-08, ""max_bins"": 133}",0.7858678826606478
shd_moderate_or_greater_flag,HistGradientBoostingClassifier,25,"{""learning_rate"": 0.021385516134790023, ""max_iter"": 463, ""max_leaf_nodes"": 70, ""min_samples_leaf"": 122, ""l2_regularization"": 1.4502708063524151e-08, ""max_bins"": 172}",0.7894199754462754
shd_moderate_or_greater_flag,HistGradientBoostingClassifier,26,"{""learning_rate"": 0.03132761728985392, ""max_iter"": 498, ""max_leaf_nodes"": 100, ""min_samples_leaf"": 158, ""l2_regularization"": 1.976950123248382e-08, ""max_bins"": 85}",0.7947929137340723
shd_moderate_or_greater_flag,HistGradientBoostingClassifier,27,"{""learning_rate"": 0.0427995376230969, ""max_iter"": 462, ""max_leaf_nodes"": 112, ""min_samples_leaf"": 139, ""l2_regularization"": 1.998003501906028e-07, ""max_bins"": 109}",0.8118376404023151
shd_moderate_or_greater_flag,HistGradientBoostingClassifier,28,"{""learning_rate"": 0.0337690908511159, ""max_iter"": 434, ""max_leaf_nodes"": 80, ""min_samples_leaf"": 87, ""l2_regularization"": 1.1781883753901782e-08, ""max_bins"": 52}",0.7922031439443041
shd_moderate_or_greater_flag,HistGradientBoostingClassifier,29,"{""learning_rate"": 0.03207209416090479, ""max_iter"": 463, ""max_leaf_nodes"": 116, ""min_samples_leaf"": 164, ""l2_regularization"": 2.223903208873552e-06, ""max_bins"": 69}",0.7962770033780435
shd_moderate_or_greater_flag,HistGradientBoostingClassifier,30,"{""learning_rate"": 0.05651441784911047, ""max_iter"": 399, ""max_leaf_nodes"": 100, ""min_samples_leaf"": 168, ""l2_regularization"": 1.6889352555766397e-07, ""max_bins"": 114}",0.8095361099884857
shd_moderate_or_greater_flag,HistGradientBoostingClassifier,31,"{""learning_rate"": 0.04249906090318463, ""max_iter"": 482, ""max_leaf_nodes"": 102, ""min_samples_leaf"": 119, ""l2_regularization"": 1.1812667903448956e-06, ""max_bins"": 87}",0.796747489343531
shd_moderate_or_greater_flag,HistGradientBoostingClassifier,32,"{""learning_rate"": 0.019112418719727926, ""max_iter"": 383, ""max_leaf_nodes"": 78, ""min_samples_leaf"": 134, ""l2_regularization"": 2.4240925671986426e-08, ""max_bins"": 240}",0.7911184335943755
shd_moderate_or_greater_flag,HistGradientBoostingClassifier,33,"{""learning_rate"": 0.08518237058092858, ""max_iter"": 497, ""max_leaf_nodes"": 93, ""min_samples_leaf"": 77, ""l2_regularization"": 7.32170570031182e-07, ""max_bins"": 93}",0.8103440190329493
shd_moderate_or_greater_flag,HistGradientBoostingClassifier,34,"{""learning_rate"": 0.01812396262342362, ""max_iter"": 451, ""max_leaf_nodes"": 120, ""min_samples_leaf"": 152, ""l2_regularization"": 5.9385541107971166e-08, ""max_bins"": 119}",0.7909050182627859
shd_moderate_or_greater_flag,HistGradientBoostingClassifier,35,"{""learning_rate"": 0.0532359206447953, ""max_iter"": 496, ""max_leaf_nodes"": 101, ""min_samples_leaf"": 160, ""l2_regularization"": 3.8081889673745636e-06, ""max_bins"": 115}",0.8117388917272248
shd_moderate_or_greater_flag,HistGradientBoostingClassifier,36,"{""learning_rate"": 0.04950015143205455, ""max_iter"": 469, ""max_leaf_nodes"": 116, ""min_samples_leaf"": 110, ""l2_regularization"": 4.374976889313893e-08, ""max_bins"": 74}",0.8112075933537186
shd_moderate_or_greater_flag,HistGradientBoostingClassifier,37,"{""learning_rate"": 0.0352272345623667, ""max_iter"": 475, ""max_leaf_nodes"": 108, ""min_samples_leaf"": 157, ""l2_regularization"": 4.7961797352851677e-05, ""max_bins"": 142}",0.7956718341327275
shd_moderate_or_greater_flag,HistGradientBoostingClassifier,38,"{""learning_rate"": 0.06019467475874677, ""max_iter"": 409, ""max_leaf_nodes"": 88, ""min_samples_leaf"": 163, ""l2_regularization"": 7.53157930842972e-06, ""max_bins"": 107}",0.8113137767746166
shd_moderate_or_greater_flag,HistGradientBoostingClassifier,39,"{""learning_rate"": 0.04230017346330449, ""max_iter"": 474, ""max_leaf_nodes"": 100, ""min_samples_leaf"": 164, ""l2_regularization"": 1.0691687927574803e-06, ""max_bins"": 114}",0.7962983544429278
shd_moderate_or_greater_flag,LogisticRegression,0,"{""C"": 0.017670169402947963, ""penalty_solver"": ""l2_lbfgs"", ""class_weight"": ""balanced""}",0.7943221418168231
shd_moderate_or_greater_flag,LogisticRegression,1,"{""C"": 0.4042872735027334, ""penalty_solver"": ""l1_liblinear"", ""class_weight"": ""balanced""}",0.7946990262389337
shd_moderate_or_greater_flag,LogisticRegression,2,"{""C"": 0.006690421166498805, ""penalty_solver"": ""l1_saga"", ""class_weight"": ""balanced""}",0.791337567961202
shd_moderate_or_greater_flag,LogisticRegression,3,"{""C"": 0.054502936945582565, ""penalty_solver"": ""l2_lbfgs"", ""class_weight"": null}",0.7945861706102593
shd_moderate_or_greater_flag,LogisticRegression,4,"{""C"": 0.0002456459215250753, ""penalty_solver"": ""l2_liblinear"", ""class_weight"": null}",0.7905073546793147
shd_moderate_or_greater_flag,LogisticRegression,5,"{""C"": 0.0005397956855996448, ""penalty_solver"": ""l1_liblinear"", ""class_weight"": ""balanced""}",0.7747296802678034
shd_moderate_or_greater_flag,LogisticRegression,6,"{""C"": 0.1906609163818847, ""penalty_solver"": ""l2_liblinear"", ""class_weight"": ""balanced""}",0.7948107380605607
shd_moderate_or_greater_flag,LogisticRegression,7,"{""C"": 0.0003395900933162753, ""penalty_solver"": ""l1_saga"", ""class_weight"": null}",0.7652893641195355
shd_moderate_or_greater_flag,LogisticRegression,8,"{""C"": 0.0048484961838732915, ""penalty_solver"": ""elasticnet_saga"", ""l1_ratio"": 0.7722447692966574, ""class_weight"": null}",0.7912394865068895
shd_moderate_or_greater_flag,LogisticRegression,9,"{""C"": 7.812113973534931, ""penalty_solver"": ""l1_liblinear"", ""class_weight"": ""balanced""}",0.7949441822160881
shd_moderate_or_greater_flag,LogisticRegression,10,"{""C"": 7.005908197732946, ""penalty_solver"": ""l2_lbfgs"", ""class_weight"": ""balanced""}",0.794924165592759
shd_moderate_or_greater_flag,LogisticRegression,11,"{""C"": 42.53331827617067, ""penalty_solver"": ""l2_lbfgs"", ""class_weight"": ""balanced""}",0.7949601955147513
shd_moderate_or_greater_flag,LogisticRegression,12,"{""C"": 49.83776540832282, ""penalty_solver"": ""elasticnet_saga"", ""l1_ratio"": 0.015594799658456115, ""class_weight"": ""balanced""}",0.7939244782333519
shd_moderate_or_greater_flag,LogisticRegression,13,"{""C"": 18.053355065330475, ""penalty_solver"": ""l2_lbfgs"", ""class_weight"": null}",0.7949447541196116
shd_moderate_or_greater_flag,LogisticRegression,14,"{""C"": 62.57946961968942, ""penalty_solver"": ""l2_lbfgs"", ""class_weight"": null}",0.795169798156183
shd_moderate_or_greater_flag,LogisticRegression,15,"{""C"": 1.8350284948738635, ""penalty_solver"": ""l2_lbfgs"", ""class_weight"": null}",0.7948955704165745
shd_moderate_or_greater_flag,LogisticRegression,16,"{""C"": 59.40985169493408, ""penalty_solver"": ""l2_liblinear"", ""class_weight"": null}",0.7945316491410009
shd_moderate_or_greater_flag,LogisticRegression,17,"{""C"": 72.89607404658655, ""penalty_solver"": ""l2_lbfgs"", ""class_weight"": ""balanced""}",0.795098214898468
shd_moderate_or_greater_flag,LogisticRegression,18,"{""C"": 4.349746544772643, ""penalty_solver"": ""elasticnet_saga"", ""l1_ratio"": 0.9088868831774644, ""class_weight"": null}",0.7939788090681023
shd_moderate_or_greater_flag,LogisticRegression,19,"{""C"": 99.00528980135088, ""penalty_solver"": ""l2_lbfgs"", ""class_weight"": null}",0.7949367474702801
shd_moderate_or_greater_flag,LogisticRegression,20,"{""C"": 1.150557555169163, ""penalty_solver"": ""elasticnet_saga"", ""l1_ratio"": 0.3077775721267324, ""class_weight"": ""balanced""}",0.7939250501368755
lvef_lte_45_flag,HistGradientBoostingClassifier,0,"{""learning_rate"": 0.03574712922600244, ""max_iter"": 478, ""max_leaf_nodes"": 95, ""min_samples_leaf"": 122, ""l2_regularization"": 2.5361081166471375e-07, ""max_bins"": 66}",0.8624376566262101
lvef_lte_45_flag,HistGradientBoostingClassifier,1,"{""learning_rate"": 0.012184186502221764, ""max_iter"": 440, ""max_leaf_nodes"": 79, ""min_samples_leaf"": 143, ""l2_regularization"": 1.5320059381854043e-08, ""max_bins"": 249}",0.8604494250896763
lvef_lte_45_flag,HistGradientBoostingClassifier,2,"{""learning_rate"": 0.16967533607196555, ""max_iter"": 145, ""max_leaf_nodes"": 29, ""min_samples_leaf"": 40, ""l2_regularization"": 5.472429642032198e-06, ""max_bins"": 149}",0.8520306127463024
lvef_lte_45_flag,HistGradientBoostingClassifier,3,"{""learning_rate"": 0.04345454109729477, ""max_iter"": 181, ""max_leaf_nodes"": 81, ""min_samples_leaf"": 32, ""l2_regularization"": 4.258943089524393e-06, ""max_bins"": 114}",0.8614091445137833
lvef_lte_45_flag,HistGradientBoostingClassifier,4,"{""learning_rate"": 0.04717052037625178, ""max_iter"": 404, ""max_leaf_nodes"": 31, ""min_samples_leaf"": 105, ""l2_regularization"": 0.0021465011216654484, ""max_bins"": 42}",0.8619754557515602
lvef_lte_45_flag,HistGradientBoostingClassifier,5,"{""learning_rate"": 0.07896186801026692, ""max_iter"": 126, ""max_leaf_nodes"": 14, ""min_samples_leaf"": 190, ""l2_regularization"": 4.905556676028774, ""max_bins"": 213}",0.840962360571962
lvef_lte_45_flag,HistGradientBoostingClassifier,6,"{""learning_rate"": 0.028180680291847244, ""max_iter"": 94, ""max_leaf_nodes"": 89, ""min_samples_leaf"": 91, ""l2_regularization"": 1.254134495897175e-07, ""max_bins"": 142}",0.8399908174045502
lvef_lte_45_flag,HistGradientBoostingClassifier,7,"{""learning_rate"": 0.011240768803005551, ""max_iter"": 460, ""max_leaf_nodes"": 38, ""min_samples_leaf"": 134, ""l2_regularization"": 6.388511557344611e-06, ""max_bins"": 148}",0.8239352488821189
lvef_lte_45_flag,HistGradientBoostingClassifier,8,"{""learning_rate"": 0.06420330336297862, ""max_iter"": 133, ""max_leaf_nodes"": 124, ""min_samples_leaf"": 156, ""l2_regularization"": 2.854239907497756, ""max_bins"": 232}",0.8602365977101862
lvef_lte_45_flag,HistGradientBoostingClassifier,9,"{""learning_rate"": 0.0764136186923332, ""max_iter"": 465, ""max_leaf_nodes"": 17, ""min_samples_leaf"": 43, ""l2_regularization"": 2.5529693461039728e-08, ""max_bins"": 104}",0.8518878064959953
lvef_lte_45_flag,HistGradientBoostingClassifier,10,"{""learning_rate"": 0.01616095027814999, ""max_iter"": 356, ""max_leaf_nodes"": 57, ""min_samples_leaf"": 131, ""l2_regularization"": 1.885063411044229e-08, ""max_bins"": 55}",0.8325982138469854
lvef_lte_45_flag,HistGradientBoostingClassifier,11,"{""learning_rate"": 0.03085940281788192, ""max_iter"": 416, ""max_leaf_nodes"": 25, ""min_samples_leaf"": 92, ""l2_regularization"": 0.050162804186098704, ""max_bins"": 73}",0.8327342636725468
lvef_lte_45_flag,HistGradientBoostingClassifier,12,"{""learning_rate"": 0.13138269751270895, ""max_iter"": 473, ""max_leaf_nodes"": 60, ""min_samples_leaf"": 109, ""l2_regularization"": 0.02181377915011983, ""max_bins"": 41}",0.8572797405532896
lvef_lte_45_flag,HistGradientBoostingClassifier,13,"{""learning_rate"": 0.03370962431306003, ""max_iter"": 487, ""max_leaf_nodes"": 64, ""min_samples_leaf"": 86, ""l2_regularization"": 0.0002158330792437336, ""max_bins"": 102}",0.8401936637020293
lvef_lte_45_flag,HistGradientBoostingClassifier,14,"{""learning_rate"": 0.03382058950205318, ""max_iter"": 431, ""max_leaf_nodes"": 126, ""min_samples_leaf"": 119, ""l2_regularization"": 1.3782511541058326e-06, ""max_bins"": 59}",0.8511418357820255
lvef_lte_45_flag,HistGradientBoostingClassifier,15,"{""learning_rate"": 0.02939438986507441, ""max_iter"": 431, ""max_leaf_nodes"": 14, ""min_samples_leaf"": 152, ""l2_regularization"": 6.932473762794054e-06, ""max_bins"": 54}",0.8258291975824283
lvef_lte_45_flag,HistGradientBoostingClassifier,16,"{""learning_rate"": 0.030320440553341363, ""max_iter"": 443, ""max_leaf_nodes"": 112, ""min_samples_leaf"": 134, ""l2_regularization"": 0.24251417810990716, ""max_bins"": 38}",0.8415381922264262
lvef_lte_45_flag,HistGradientBoostingClassifier,17,"{""learning_rate"": 0.09245223821971321, ""max_iter"": 379, ""max_leaf_nodes"": 60, ""min_samples_leaf"": 85, ""l2_regularization"": 1.038303639975523e-07, ""max_bins"": 61}",0.857188221709007
lvef_lte_45_flag,HistGradientBoostingClassifier,18,"{""learning_rate"": 0.01886130842433364, ""max_iter"": 412, ""max_leaf_nodes"": 7, ""min_samples_leaf"": 109, ""l2_regularization"": 6.216733576685678e-07, ""max_bins"": 34}",0.8111574676920054
lvef_lte_45_flag,HistGradientBoostingClassifier,19,"{""learning_rate"": 0.05294878314882937, ""max_iter"": 384, ""max_leaf_nodes"": 35, ""min_samples_leaf"": 81, ""l2_regularization"": 4.01996165636264e-06, ""max_bins"": 61}",0.8422861591567983
lvef_lte_45_flag,HistGradientBoostingClassifier,20,"{""learning_rate"": 0.06291806408855564, ""max_iter"": 419, ""max_leaf_nodes"": 12, ""min_samples_leaf"": 100, ""l2_regularization"": 0.00033387780416713165, ""max_bins"": 67}",0.8367190187214388
lvef_lte_45_flag,HistGradientBoostingClassifier,21,"{""learning_rate"": 0.02633063495091846, ""max_iter"": 451, ""max_leaf_nodes"": 90, ""min_samples_leaf"": 116, ""l2_regularization"": 1.1072114539191513e-08, ""max_bins"": 99}",0.8398891639231486
lvef_lte_45_flag,HistGradientBoostingClassifier,22,"{""learning_rate"": 0.057591468678951575, ""max_iter"": 415, ""max_leaf_nodes"": 98, ""min_samples_leaf"": 41, ""l2_regularization"": 8.524536748366727e-06, ""max_bins"": 79}",0.8608836789346961
lvef_lte_45_flag,HistGradientBoostingClassifier,23,"{""learning_rate"": 0.06371524631912924, ""max_iter"": 430, ""max_leaf_nodes"": 84, ""min_samples_leaf"": 118, ""l2_regularization"": 6.652653729062282e-05, ""max_bins"": 88}",0.8592547663505479
lvef_lte_45_flag,HistGradientBoostingClassifier,24,"{""learning_rate"": 0.043791256325659104, ""max_iter"": 405, ""max_leaf_nodes"": 109, ""min_samples_leaf"": 148, ""l2_regularization"": 3.964239066873451e-05, ""max_bins"": 132}",0.8591113458798094
lvef_lte_45_flag,HistGradientBoostingClassifier,25,"{""learning_rate"": 0.029794305347632114, ""max_iter"": 488, ""max_leaf_nodes"": 47, ""min_samples_leaf"": 79, ""l2_regularization"": 0.0003323502726272607, ""max_bins"": 48}",0.8359768868851654
lvef_lte_45_flag,HistGradientBoostingClassifier,26,"{""learning_rate"": 0.030434760212976652, ""max_iter"": 498, ""max_leaf_nodes"": 100, ""min_samples_leaf"": 151, ""l2_regularization"": 1.976950123248382e-08, ""max_bins"": 85}",0.8506363323669599
lvef_lte_45_flag,HistGradientBoostingClassifier,27,"{""learning_rate"": 0.03805495636530905, ""max_iter"": 462, ""max_leaf_nodes"": 112, ""min_samples_leaf"": 138, ""l2_regularization"": 1.998003501906028e-07, ""max_bins"": 109}",0.8632333791951257
lvef_lte_45_flag,HistGradientBoostingClassifier,28,"{""learning_rate"": 0.08145215065006625, ""max_iter"": 416, ""max_leaf_nodes"": 112, ""min_samples_leaf"": 111, ""l2_regularization"": 5.993221417338894e-07, ""max_bins"": 104}",0.8601859245245933
lvef_lte_45_flag,HistGradientBoostingClassifier,29,"{""learning_rate"": 0.02279628538364887, ""max_iter"": 396, ""max_leaf_nodes"": 112, ""min_samples_leaf"": 136, ""l2_regularization"": 1.7656133276388067e-08, ""max_bins"": 74}",0.8415291324750627
lvef_lte_45_flag,HistGradientBoostingClassifier,30,"{""learning_rate"": 0.05057783157089286, ""max_iter"": 455, ""max_leaf_nodes"": 100, ""min_samples_leaf"": 167, ""l2_regularization"": 1.6889352555766397e-07, ""max_bins"": 114}",0.8608971917841874
lvef_lte_45_flag,HistGradientBoostingClassifier,31,"{""learning_rate"": 0.03589504340896436, ""max_iter"": 348, ""max_leaf_nodes"": 111, ""min_samples_leaf"": 160, ""l2_regularization"": 1.7219140351343038e-08, ""max_bins"": 118}",0.8435889206918579
lvef_lte_45_flag,HistGradientBoostingClassifier,32,"{""learning_rate"": 0.03267100780621162, ""max_iter"": 431, ""max_leaf_nodes"": 88, ""min_samples_leaf"": 135, ""l2_regularization"": 8.686439121323139e-08, ""max_bins"": 33}",0.841625565082797
lvef_lte_45_flag,HistGradientBoostingClassifier,33,"{""learning_rate"": 0.04089715851855433, ""max_iter"": 386, ""max_leaf_nodes"": 102, ""min_samples_leaf"": 117, ""l2_regularization"": 9.306758933814797e-08, ""max_bins"": 47}",0.8563866640459928
lvef_lte_45_flag,HistGradientBoostingClassifier,34,"{""learning_rate"": 0.047816230834846804, ""max_iter"": 410, ""max_leaf_nodes"": 104, ""min_samples_leaf"": 128, ""l2_regularization"": 9.107784536313373e-06, ""max_bins"": 60}",0.8613265318657561
lvef_lte_45_flag,HistGradientBoostingClassifier,35,"{""learning_rate"": 0.030308374770128214, ""max_iter"": 431, ""max_leaf_nodes"": 102, ""min_samples_leaf"": 149, ""l2_regularization"": 2.0552049885692593e-07, ""max_bins"": 87}",0.8409976782467693
lvef_lte_45_flag,HistGradientBoostingClassifier,36,"{""learning_rate"": 0.017809489045769154, ""max_iter"": 494, ""max_leaf_nodes"": 97, ""min_samples_leaf"": 123, ""l2_regularization"": 1.2564277269012568e-07, ""max_bins"": 70}",0.8378497985356985
lvef_lte_45_flag,HistGradientBoostingClassifier,37,"{""learning_rate"": 0.04755530768775346, ""max_iter"": 481, ""max_leaf_nodes"": 85, ""min_samples_leaf"": 111, ""l2_regularization"": 3.129112885882773e-06, ""max_bins"": 86}",0.8607952311925705
lvef_lte_45_flag,HistGradientBoostingClassifier,38,"{""learning_rate"": 0.028891703668397457, ""max_iter"": 479, ""max_leaf_nodes"": 121, ""min_samples_leaf"": 133, ""l2_regularization"": 1.7418224075890995e-08, ""max_bins"": 60}",0.8426554591911946
lvef_lte_45_flag,HistGradientBoostingClassifier,39,"{""learning_rate"": 0.030942768471675514, ""max_iter"": 478, ""max_leaf_nodes"": 120, ""min_samples_leaf"": 139, ""l2_regularization"": 6.894325021360779e-07, ""max_bins"": 139}",0.8431588128347501
lvef_lte_45_flag,LogisticRegression,0,"{""C"": 0.017670169402947963, ""penalty_solver"": ""l2_lbfgs"", ""class_weight"": ""balanced""}",0.842038167657609
lvef_lte_45_flag,LogisticRegression,1,"{""C"": 0.4042872735027334, ""penalty_solver"": ""l1_liblinear"", ""class_weight"": ""balanced""}",0.8438593312367942
lvef_lte_45_flag,LogisticRegression,2,"{""C"": 0.006690421166498805, ""penalty_solver"": ""l1_saga"", ""class_weight"": ""balanced""}",0.8376547835487199
lvef_lte_45_flag,LogisticRegression,3,"{""C"": 0.054502936945582565, ""penalty_solver"": ""l2_lbfgs"", ""class_weight"": null}",0.8406156331384208
lvef_lte_45_flag,LogisticRegression,4,"{""C"": 0.0002456459215250753, ""penalty_solver"": ""l2_liblinear"", ""class_weight"": null}",0.8356373765416933
lvef_lte_45_flag,LogisticRegression,5,"{""C"": 0.0005397956855996448, ""penalty_solver"": ""l1_liblinear"", ""class_weight"": ""balanced""}",0.816259029040342
lvef_lte_45_flag,LogisticRegression,6,"{""C"": 0.1906609163818847, ""penalty_solver"": ""l2_liblinear"", ""class_weight"": ""balanced""}",0.8433010048646258
lvef_lte_45_flag,LogisticRegression,7,"{""C"": 0.0003395900933162753, ""penalty_solver"": ""l1_saga"", ""class_weight"": null}",0.8012941624490199
lvef_lte_45_flag,LogisticRegression,8,"{""C"": 0.0048484961838732915, ""penalty_solver"": ""elasticnet_saga"", ""l1_ratio"": 0.7722447692966574, ""class_weight"": null}",0.8355965308830033
lvef_lte_45_flag,LogisticRegression,9,"{""C"": 7.812113973534931, ""penalty_solver"": ""l1_liblinear"", ""class_weight"": ""balanced""}",0.8452379489951354
rv_systolic_dysfunction_moderate_or_greater_flag,HistGradientBoostingClassifier,0,"{""learning_rate"": 0.03574712922600244, ""max_iter"": 478, ""max_leaf_nodes"": 95, ""min_samples_leaf"": 122, ""l2_regularization"": 2.5361081166471375e-07, ""max_bins"": 66}",0.85900900095983
rv_systolic_dysfunction_moderate_or_greater_flag,HistGradientBoostingClassifier,1,"{""learning_rate"": 0.012184186502221764, ""max_iter"": 440, ""max_leaf_nodes"": 79, ""min_samples_leaf"": 143, ""l2_regularization"": 1.5320059381854043e-08, ""max_bins"": 249}",0.8626849459840301
rv_systolic_dysfunction_moderate_or_greater_flag,HistGradientBoostingClassifier,2,"{""learning_rate"": 0.16967533607196555, ""max_iter"": 145, ""max_leaf_nodes"": 29, ""min_samples_leaf"": 40, ""l2_regularization"": 5.472429642032198e-06, ""max_bins"": 149}",0.853013253824004
rv_systolic_dysfunction_moderate_or_greater_flag,HistGradientBoostingClassifier,3,"{""learning_rate"": 0.04345454109729477, ""max_iter"": 181, ""max_leaf_nodes"": 81, ""min_samples_leaf"": 32, ""l2_regularization"": 4.258943089524393e-06, ""max_bins"": 114}",0.8559693262809648
rv_systolic_dysfunction_moderate_or_greater_flag,HistGradientBoostingClassifier,4,"{""learning_rate"": 0.04717052037625178, ""max_iter"": 404, ""max_leaf_nodes"": 31, ""min_samples_leaf"": 105, ""l2_regularization"": 0.0021465011216654484, ""max_bins"": 42}",0.8596452713051647
rv_systolic_dysfunction_moderate_or_greater_flag,HistGradientBoostingClassifier,5,"{""learning_rate"": 0.07896186801026692, ""max_iter"": 126, ""max_leaf_nodes"": 14, ""min_samples_leaf"": 190, ""l2_regularization"": 4.905556676028774, ""max_bins"": 213}",0.8412039613413116
rv_systolic_dysfunction_moderate_or_greater_flag,HistGradientBoostingClassifier,6,"{""learning_rate"": 0.028180680291847244, ""max_iter"": 94, ""max_leaf_nodes"": 89, ""min_samples_leaf"": 91, ""l2_regularization"": 1.254134495897175e-07, ""max_bins"": 142}",0.8413941404415218
rv_systolic_dysfunction_moderate_or_greater_flag,HistGradientBoostingClassifier,7,"{""learning_rate"": 0.011240768803005551, ""max_iter"": 460, ""max_leaf_nodes"": 38, ""min_samples_leaf"": 134, ""l2_regularization"": 6.388511557344611e-06, ""max_bins"": 148}",0.834762442052811
rv_systolic_dysfunction_moderate_or_greater_flag,HistGradientBoostingClassifier,8,"{""learning_rate"": 0.06420330336297862, ""max_iter"": 133, ""max_leaf_nodes"": 124, ""min_samples_leaf"": 156, ""l2_regularization"": 2.854239907497756, ""max_bins"": 232}",0.8565724110114975
rv_systolic_dysfunction_moderate_or_greater_flag,HistGradientBoostingClassifier,9,"{""learning_rate"": 0.0764136186923332, ""max_iter"": 465, ""max_leaf_nodes"": 17, ""min_samples_leaf"": 43, ""l2_regularization"": 2.5529693461039728e-08, ""max_bins"": 104}",0.8458304827741132
rv_systolic_dysfunction_moderate_or_greater_flag,HistGradientBoostingClassifier,10,"{""learning_rate"": 0.02292728892265424, ""max_iter"": 473, ""max_leaf_nodes"": 73, ""min_samples_leaf"": 87, ""l2_regularization"": 8.789860452435377e-08, ""max_bins"": 234}",0.8411538638266588
rv_systolic_dysfunction_moderate_or_greater_flag,HistGradientBoostingClassifier,11,"{""learning_rate"": 0.020073608718682558, ""max_iter"": 460, ""max_leaf_nodes"": 76, ""min_samples_leaf"": 105, ""l2_regularization"": 0.0038436939699610082, ""max_bins"": 249}",0.841840231686646
rv_systolic_dysfunction_moderate_or_greater_flag,HistGradientBoostingClassifier,12,"{""learning_rate"": 0.013930210397692263, ""max_iter"": 438, ""max_leaf_nodes"": 31, ""min_samples_leaf"": 150, ""l2_regularization"": 3.4502605194525823e-05, ""max_bins"": 246}",0.8357813042457165
rv_systolic_dysfunction_moderate_or_greater_flag,HistGradientBoostingClassifier,13,"{""learning_rate"": 0.010277246883266436, ""max_iter"": 458, ""max_leaf_nodes"": 69, ""min_samples_leaf"": 143, ""l2_regularization"": 6.111497869281997e-08, ""max_bins"": 70}",0.8361772979761879
rv_systolic_dysfunction_moderate_or_greater_flag,HistGradientBoostingClassifier,14,"{""learning_rate"": 0.05085761975475214, ""max_iter"": 396, ""max_leaf_nodes"": 50, ""min_samples_leaf"": 120, ""l2_regularization"": 0.039806223880230175, ""max_bins"": 219}",0.8454807574488942
rv_systolic_dysfunction_moderate_or_greater_flag,HistGradientBoostingClassifier,15,"{""learning_rate"": 0.031988259207130665, ""max_iter"": 431, ""max_leaf_nodes"": 50, ""min_samples_leaf"": 130, ""l2_regularization"": 2.2844762449760115e-07, ""max_bins"": 166}",0.842499795780832
rv_systolic_dysfunction_moderate_or_greater_flag,HistGradientBoostingClassifier,16,"{""learning_rate"": 0.012293735781579489, ""max_iter"": 414, ""max_leaf_nodes"": 82, ""min_samples_leaf"": 162, ""l2_regularization"": 0.0001467980655214337, ""max_bins"": 188}",0.8383477648212062
rv_systolic_dysfunction_moderate_or_greater_flag,HistGradientBoostingClassifier,17,"{""learning_rate"": 0.020759760690285754, ""max_iter"": 339, ""max_leaf_nodes"": 94, ""min_samples_leaf"": 123, ""l2_regularization"": 2.5773730709961955e-06, ""max_bins"": 121}",0.8428680284681521
rv_systolic_dysfunction_moderate_or_greater_flag,HistGradientBoostingClassifier,18,"{""learning_rate"": 0.016142413930752875, ""max_iter"": 412, ""max_leaf_nodes"": 7, ""min_samples_leaf"": 109, ""l2_regularization"": 3.407174894726646e-07, ""max_bins"": 37}",0.8170725948087487
rv_systolic_dysfunction_moderate_or_greater_flag,HistGradientBoostingClassifier,19,"{""learning_rate"": 0.011960304015873146, ""max_iter"": 491, ""max_leaf_nodes"": 105, ""min_samples_leaf"": 180, ""l2_regularization"": 9.345711744504747e-05, ""max_bins"": 235}",0.8366007336573611
rv_systolic_dysfunction_moderate_or_greater_flag,HistGradientBoostingClassifier,20,"{""learning_rate"": 0.020075351942714443, ""max_iter"": 425, ""max_leaf_nodes"": 89, ""min_samples_leaf"": 171, ""l2_regularization"": 2.2566324371861393e-08, ""max_bins"": 62}",0.8444689152898891
rv_systolic_dysfunction_moderate_or_greater_flag,HistGradientBoostingClassifier,21,"{""learning_rate"": 0.013681376676221779, ""max_iter"": 452, ""max_leaf_nodes"": 67, ""min_samples_leaf"": 114, ""l2_regularization"": 7.270034928935059e-06, ""max_bins"": 54}",0.8370972415095881
rv_systolic_dysfunction_moderate_or_greater_flag,HistGradientBoostingClassifier,22,"{""learning_rate"": 0.010433607112739749, ""max_iter"": 477, ""max_leaf_nodes"": 94, ""min_samples_leaf"": 118, ""l2_regularization"": 1.5019902818837836e-07, ""max_bins"": 218}",0.8363821553290992
rv_systolic_dysfunction_moderate_or_greater_flag,HistGradientBoostingClassifier,23,"{""learning_rate"": 0.06371524631912924, ""max_iter"": 448, ""max_leaf_nodes"": 83, ""min_samples_leaf"": 114, ""l2_regularization"": 2.2158546290441554e-05, ""max_bins"": 88}",0.852998575571303
rv_systolic_dysfunction_moderate_or_greater_flag,HistGradientBoostingClassifier,24,"{""learning_rate"": 0.020724035309378632, ""max_iter"": 493, ""max_leaf_nodes"": 73, ""min_samples_leaf"": 160, ""l2_regularization"": 5.287439147891912e-07, ""max_bins"": 91}",0.8410281414013518
rv_systolic_dysfunction_moderate_or_greater_flag,HistGradientBoostingClassifier,25,"{""learning_rate"": 0.018917824418427286, ""max_iter"": 470, ""max_leaf_nodes"": 101, ""min_samples_leaf"": 98, ""l2_regularization"": 1.5483195712283213e-08, ""max_bins"": 77}",0.8427186932015438
rv_systolic_dysfunction_moderate_or_greater_flag,HistGradientBoostingClassifier,26,"{""learning_rate"": 0.03132761728985392, ""max_iter"": 498, ""max_leaf_nodes"": 100, ""min_samples_leaf"": 151, ""l2_regularization"": 2.6033302598245384e-08, ""max_bins"": 140}",0.8452101670512795
rv_systolic_dysfunction_moderate_or_greater_flag,HistGradientBoostingClassifier,27,"{""learning_rate"": 0.021106359000114098, ""max_iter"": 459, ""max_leaf_nodes"": 124, ""min_samples_leaf"": 133, ""l2_regularization"": 2.8153369656039888e-08, ""max_bins"": 165}",0.8431274506300162
rv_systolic_dysfunction_moderate_or_greater_flag,HistGradientBoostingClassifier,28,"{""learning_rate"": 0.013684602952099868, ""max_iter"": 464, ""max_leaf_nodes"": 68, ""min_samples_leaf"": 170, ""l2_regularization"": 1.5304473241592045e-08, ""max_bins"": 205}",0.840937519145547
rv_systolic_dysfunction_moderate_or_greater_flag,HistGradientBoostingClassifier,29,"{""learning_rate"": 0.04812150706167283, ""max_iter"": 381, ""max_leaf_nodes"": 23, ""min_samples_leaf"": 93, ""l2_regularization"": 3.72350377110275, ""max_bins"": 37}",0.8396844430943289
rv_systolic_dysfunction_moderate_or_greater_flag,HistGradientBoostingClassifier,30,"{""learning_rate"": 0.012233862723096085, ""max_iter"": 437, ""max_leaf_nodes"": 116, ""min_samples_leaf"": 136, ""l2_regularization"": 2.881669412949477e-07, ""max_bins"": 138}",0.8393627979047114
rv_systolic_dysfunction_moderate_or_greater_flag,HistGradientBoostingClassifier,31,"{""learning_rate"": 0.018971892275441864, ""max_iter"": 413, ""max_leaf_nodes"": 58, ""min_samples_leaf"": 162, ""l2_regularization"": 4.366363551707722e-08, ""max_bins"": 252}",0.8392437764208548
rv_systolic_dysfunction_moderate_or_greater_flag,HistGradientBoostingClassifier,32,"{""learning_rate"": 0.01330843409061285, ""max_iter"": 378, ""max_leaf_nodes"": 107, ""min_samples_leaf"": 150, ""l2_regularization"": 9.023252445481183e-08, ""max_bins"": 221}",0.8385337957195662
rv_systolic_dysfunction_moderate_or_greater_flag,HistGradientBoostingClassifier,33,"{""learning_rate"": 0.013237639295164999, ""max_iter"": 408, ""max_leaf_nodes"": 36, ""min_samples_leaf"": 109, ""l2_regularization"": 4.410177048591535e-08, ""max_bins"": 248}",0.835348295791043
rv_systolic_dysfunction_moderate_or_greater_flag,HistGradientBoostingClassifier,34,"{""learning_rate"": 0.011352319534121191, ""max_iter"": 442, ""max_leaf_nodes"": 27, ""min_samples_leaf"": 160, ""l2_regularization"": 2.259802360431313e-07, ""max_bins"": 229}",0.8360538091980314
rv_systolic_dysfunction_moderate_or_greater_flag,HistGradientBoostingClassifier,35,"{""learning_rate"": 0.0605554107553043, ""max_iter"": 463, ""max_leaf_nodes"": 87, ""min_samples_leaf"": 151, ""l2_regularization"": 7.719591194762017e-07, ""max_bins"": 233}",0.8508912890313884
rv_systolic_dysfunction_moderate_or_greater_flag,HistGradientBoostingClassifier,36,"{""learning_rate"": 0.01633663044796513, ""max_iter"": 367, ""max_leaf_nodes"": 72, ""min_samples_leaf"": 174, ""l2_regularization"": 1.7990644164594302e-08, ""max_bins"": 216}",0.8416293115771847
rv_systolic_dysfunction_moderate_or_greater_flag,HistGradientBoostingClassifier,37,"{""learning_rate"": 0.01962111431726336, ""max_iter"": 485, ""max_leaf_nodes"": 105, ""min_samples_leaf"": 122, ""l2_regularization"": 3.3351327111663626e-06, ""max_bins"": 237}",0.8426478546776399
rv_systolic_dysfunction_moderate_or_greater_flag,HistGradientBoostingClassifier,38,"{""learning_rate"": 0.01010995970895045, ""max_iter"": 480, ""max_leaf_nodes"": 59, ""min_samples_leaf"": 130, ""l2_regularization"": 2.472755288646948e-08, ""max_bins"": 213}",0.8338444130741112
rv_systolic_dysfunction_moderate_or_greater_flag,HistGradientBoostingClassifier,39,"{""learning_rate"": 0.03697285705937335, ""max_iter"": 408, ""max_leaf_nodes"": 87, ""min_samples_leaf"": 127, ""l2_regularization"": 4.1860740697930224e-08, ""max_bins"": 252}",0.844613464169747
rv_systolic_dysfunction_moderate_or_greater_flag,LogisticRegression,0,"{""C"": 0.017670169402947963, ""penalty_solver"": ""l2_lbfgs"", ""class_weight"": ""balanced""}",0.8355780423550554
rv_systolic_dysfunction_moderate_or_greater_flag,LogisticRegression,1,"{""C"": 0.4042872735027334, ""penalty_solver"": ""l1_liblinear"", ""class_weight"": ""balanced""}",0.8368352666081238
rv_systolic_dysfunction_moderate_or_greater_flag,LogisticRegression,2,"{""C"": 0.006690421166498805, ""penalty_solver"": ""l1_saga"", ""class_weight"": ""balanced""}",0.8374913206853596
rv_systolic_dysfunction_moderate_or_greater_flag,LogisticRegression,3,"{""C"": 0.054502936945582565, ""penalty_solver"": ""l2_lbfgs"", ""class_weight"": null}",0.8316034267976392
rv_systolic_dysfunction_moderate_or_greater_flag,LogisticRegression,4,"{""C"": 0.0002456459215250753, ""penalty_solver"": ""l2_liblinear"", ""class_weight"": null}",0.8328459727980068
rv_systolic_dysfunction_moderate_or_greater_flag,LogisticRegression,5,"{""C"": 0.0005397956855996448, ""penalty_solver"": ""l1_liblinear"", ""class_weight"": ""balanced""}",0.8311924357220167
rv_systolic_dysfunction_moderate_or_greater_flag,LogisticRegression,6,"{""C"": 0.1906609163818847, ""penalty_solver"": ""l2_liblinear"", ""class_weight"": ""balanced""}",0.8365838217575101
rv_systolic_dysfunction_moderate_or_greater_flag,LogisticRegression,7,"{""C"": 0.0003395900933162753, ""penalty_solver"": ""l1_saga"", ""class_weight"": null}",0.8054161476096147
rv_systolic_dysfunction_moderate_or_greater_flag,LogisticRegression,8,"{""C"": 0.0048484961838732915, ""penalty_solver"": ""elasticnet_saga"", ""l1_ratio"": 0.7722447692966574, ""class_weight"": null}",0.8337349643637552
rv_systolic_dysfunction_moderate_or_greater_flag,LogisticRegression,9,"{""C"": 7.812113973534931, ""penalty_solver"": ""l1_liblinear"", ""class_weight"": ""balanced""}",0.8379342210059836
aortic_stenosis_moderate_or_greater_flag,HistGradientBoostingClassifier,0,"{""learning_rate"": 0.03574712922600244, ""max_iter"": 478, ""max_leaf_nodes"": 95, ""min_samples_leaf"": 122, ""l2_regularization"": 2.5361081166471375e-07, ""max_bins"": 66}",0.8554898716078415
aortic_stenosis_moderate_or_greater_flag,HistGradientBoostingClassifier,1,"{""learning_rate"": 0.012184186502221764, ""max_iter"": 440, ""max_leaf_nodes"": 79, ""min_samples_leaf"": 143, ""l2_regularization"": 1.5320059381854043e-08, ""max_bins"": 249}",0.8584565360971398
aortic_stenosis_moderate_or_greater_flag,HistGradientBoostingClassifier,2,"{""learning_rate"": 0.16967533607196555, ""max_iter"": 145, ""max_leaf_nodes"": 29, ""min_samples_leaf"": 40, ""l2_regularization"": 5.472429642032198e-06, ""max_bins"": 149}",0.8401194649479973
aortic_stenosis_moderate_or_greater_flag,HistGradientBoostingClassifier,3,"{""learning_rate"": 0.04345454109729477, ""max_iter"": 181, ""max_leaf_nodes"": 81, ""min_samples_leaf"": 32, ""l2_regularization"": 4.258943089524393e-06, ""max_bins"": 114}",0.8571664453008759
aortic_stenosis_moderate_or_greater_flag,HistGradientBoostingClassifier,4,"{""learning_rate"": 0.04717052037625178, ""max_iter"": 404, ""max_leaf_nodes"": 31, ""min_samples_leaf"": 105, ""l2_regularization"": 0.0021465011216654484, ""max_bins"": 42}",0.8518572952729331
aortic_stenosis_moderate_or_greater_flag,HistGradientBoostingClassifier,5,"{""learning_rate"": 0.07896186801026692, ""max_iter"": 126, ""max_leaf_nodes"": 14, ""min_samples_leaf"": 190, ""l2_regularization"": 4.905556676028774, ""max_bins"": 213}",0.8568470979307742
aortic_stenosis_moderate_or_greater_flag,HistGradientBoostingClassifier,6,"{""learning_rate"": 0.028180680291847244, ""max_iter"": 94, ""max_leaf_nodes"": 89, ""min_samples_leaf"": 91, ""l2_regularization"": 1.254134495897175e-07, ""max_bins"": 142}",0.86088021933358
aortic_stenosis_moderate_or_greater_flag,HistGradientBoostingClassifier,7,"{""learning_rate"": 0.011240768803005551, ""max_iter"": 460, ""max_leaf_nodes"": 38, ""min_samples_leaf"": 134, ""l2_regularization"": 6.388511557344611e-06, ""max_bins"": 148}",0.8449101291179482
aortic_stenosis_moderate_or_greater_flag,HistGradientBoostingClassifier,8,"{""learning_rate"": 0.06420330336297862, ""max_iter"": 133, ""max_leaf_nodes"": 124, ""min_samples_leaf"": 156, ""l2_regularization"": 2.854239907497756, ""max_bins"": 232}",0.8577026222773821
aortic_stenosis_moderate_or_greater_flag,HistGradientBoostingClassifier,9,"{""learning_rate"": 0.0764136186923332, ""max_iter"": 465, ""max_leaf_nodes"": 17, ""min_samples_leaf"": 43, ""l2_regularization"": 2.5529693461039728e-08, ""max_bins"": 104}",0.850260558422424
aortic_stenosis_moderate_or_greater_flag,HistGradientBoostingClassifier,10,"{""learning_rate"": 0.023479373295426268, ""max_iter"": 80, ""max_leaf_nodes"": 54, ""min_samples_leaf"": 146, ""l2_regularization"": 5.89810436186863e-08, ""max_bins"": 109}",0.8512163324406122
aortic_stenosis_moderate_or_greater_flag,HistGradientBoostingClassifier,11,"{""learning_rate"": 0.021594154863220496, ""max_iter"": 458, ""max_leaf_nodes"": 94, ""min_samples_leaf"": 125, ""l2_regularization"": 1.0357532953314099e-08, ""max_bins"": 247}",0.8530117541605882
aortic_stenosis_moderate_or_greater_flag,HistGradientBoostingClassifier,12,"{""learning_rate"": 0.023396404513716218, ""max_iter"": 191, ""max_leaf_nodes"": 69, ""min_samples_leaf"": 88, ""l2_regularization"": 2.6460083517579535e-08, ""max_bins"": 176}",0.8516118877058522
aortic_stenosis_moderate_or_greater_flag,HistGradientBoostingClassifier,13,"{""learning_rate"": 0.021060756786468147, ""max_iter"": 209, ""max_leaf_nodes"": 68, ""min_samples_leaf"": 134, ""l2_regularization"": 2.9562071256531416e-05, ""max_bins"": 246}",0.850593514345229
aortic_stenosis_moderate_or_greater_flag,HistGradientBoostingClassifier,14,"{""learning_rate"": 0.016824565798909574, ""max_iter"": 389, ""max_leaf_nodes"": 93, ""min_samples_leaf"": 81, ""l2_regularization"": 2.275369823414671e-06, ""max_bins"": 226}",0.8488461761781376
aortic_stenosis_moderate_or_greater_flag,HistGradientBoostingClassifier,15,"{""learning_rate"": 0.02520788235884981, ""max_iter"": 67, ""max_leaf_nodes"": 104, ""min_samples_leaf"": 113, ""l2_regularization"": 5.399427108866805e-08, ""max_bins"": 148}",0.8510444110581286
aortic_stenosis_moderate_or_greater_flag,HistGradientBoostingClassifier,16,"{""learning_rate"": 0.01866920662023732, ""max_iter"": 262, ""max_leaf_nodes"": 94, ""min_samples_leaf"": 148, ""l2_regularization"": 1.7038758736334523e-08, ""max_bins"": 170}",0.8518269028385628
aortic_stenosis_moderate_or_greater_flag,HistGradientBoostingClassifier,17,"{""learning_rate"": 0.020514166192293504, ""max_iter"": 89, ""max_leaf_nodes"": 99, ""min_samples_leaf"": 56, ""l2_regularization"": 1.9784768252572277e-07, ""max_bins"": 139}",0.8496118840769047
aortic_stenosis_moderate_or_greater_flag,HistGradientBoostingClassifier,18,"{""learning_rate"": 0.010760818822800063, ""max_iter"": 367, ""max_leaf_nodes"": 67, ""min_samples_leaf"": 165, ""l2_regularization"": 2.651540476879541e-07, ""max_bins"": 215}",0.8515220712580108
aortic_stenosis_moderate_or_greater_flag,HistGradientBoostingClassifier,19,"{""learning_rate"": 0.014179010072595612, ""max_iter"": 366, ""max_leaf_nodes"": 56, ""min_samples_leaf"": 128, ""l2_regularization"": 4.803255358261851e-07, ""max_bins"": 168}",0.8492616906540089
aortic_stenosis_moderate_or_greater_flag,HistGradientBoostingClassifier,20,"{""learning_rate"": 0.019920881116391276, ""max_iter"": 81, ""max_leaf_nodes"": 77, ""min_samples_leaf"": 107, ""l2_regularization"": 2.6526304628211544e-08, ""max_bins"": 199}",0.8505254715817131
aortic_stenosis_moderate_or_greater_flag,HistGradientBoostingClassifier,21,"{""learning_rate"": 0.027585271733327504, ""max_iter"": 280, ""max_leaf_nodes"": 78, ""min_samples_leaf"": 61, ""l2_regularization"": 1.0188642383297068e-07, ""max_bins"": 82}",0.8492653196013965
aortic_stenosis_moderate_or_greater_flag,HistGradientBoostingClassifier,22,"{""learning_rate"": 0.019863440666747136, ""max_iter"": 75, ""max_leaf_nodes"": 110, ""min_samples_leaf"": 146, ""l2_regularization"": 2.6719010958042067e-08, ""max_bins"": 244}",0.8525799094214732
aortic_stenosis_moderate_or_greater_flag,HistGradientBoostingClassifier,23,"{""learning_rate"": 0.08363260182732044, ""max_iter"": 53, ""max_leaf_nodes"": 75, ""min_samples_leaf"": 41, ""l2_regularization"": 4.645405936624419e-07, ""max_bins"": 103}",0.8484234038074916
aortic_stenosis_moderate_or_greater_flag,HistGradientBoostingClassifier,24,"{""learning_rate"": 0.05396844283693214, ""max_iter"": 87, ""max_leaf_nodes"": 88, ""min_samples_leaf"": 120, ""l2_regularization"": 1.8455087306410886e-06, ""max_bins"": 96}",0.8575025765526452
aortic_stenosis_moderate_or_greater_flag,HistGradientBoostingClassifier,25,"{""learning_rate"": 0.06127010118769567, ""max_iter"": 107, ""max_leaf_nodes"": 75, ""min_samples_leaf"": 108, ""l2_regularization"": 2.1557947165919954e-08, ""max_bins"": 153}",0.8577452624091856
aortic_stenosis_moderate_or_greater_flag,HistGradientBoostingClassifier,26,"{""learning_rate"": 0.01634894158359955, ""max_iter"": 493, ""max_leaf_nodes"": 86, ""min_samples_leaf"": 167, ""l2_regularization"": 1.4477053818417671e-08, ""max_bins"": 197}",0.8529487011997301
aortic_stenosis_moderate_or_greater_flag,HistGradientBoostingClassifier,27,"{""learning_rate"": 0.01970320429250551, ""max_iter"": 392, ""max_leaf_nodes"": 101, ""min_samples_leaf"": 155, ""l2_regularization"": 6.648439464793664e-08, ""max_bins"": 225}",0.8533174929779869
aortic_stenosis_moderate_or_greater_flag,HistGradientBoostingClassifier,28,"{""learning_rate"": 0.016790407881137514, ""max_iter"": 173, ""max_leaf_nodes"": 100, ""min_samples_leaf"": 121, ""l2_regularization"": 3.9269506468980463e-07, ""max_bins"": 209}",0.8511618982297995
aortic_stenosis_moderate_or_greater_flag,HistGradientBoostingClassifier,29,"{""learning_rate"": 0.03405539053209155, ""max_iter"": 61, ""max_leaf_nodes"": 69, ""min_samples_leaf"": 101, ""l2_regularization"": 3.8092985819815553e-06, ""max_bins"": 139}",0.8515697011924721
aortic_stenosis_moderate_or_greater_flag,HistGradientBoostingClassifier,30,"{""learning_rate"": 0.04631724530296978, ""max_iter"": 108, ""max_leaf_nodes"": 80, ""min_samples_leaf"": 49, ""l2_regularization"": 8.067503753982177e-07, ""max_bins"": 166}",0.8575338762238627
aortic_stenosis_moderate_or_greater_flag,HistGradientBoostingClassifier,31,"{""learning_rate"": 0.057320734581442934, ""max_iter"": 67, ""max_leaf_nodes"": 81, ""min_samples_leaf"": 134, ""l2_regularization"": 1.3429499705895918e-08, ""max_bins"": 161}",0.8534962186368222
aortic_stenosis_moderate_or_greater_flag,HistGradientBoostingClassifier,32,"{""learning_rate"": 0.05321371002812017, ""max_iter"": 133, ""max_leaf_nodes"": 67, ""min_samples_leaf"": 73, ""l2_regularization"": 6.847002185887874e-08, ""max_bins"": 119}",0.860165770316662
aortic_stenosis_moderate_or_greater_flag,HistGradientBoostingClassifier,33,"{""learning_rate"": 0.07813356402033006, ""max_iter"": 54, ""max_leaf_nodes"": 59, ""min_samples_leaf"": 90, ""l2_regularization"": 8.844001500319363e-07, ""max_bins"": 145}",0.8533678446229886
aortic_stenosis_moderate_or_greater_flag,HistGradientBoostingClassifier,34,"{""learning_rate"": 0.055098317058563, ""max_iter"": 178, ""max_leaf_nodes"": 76, ""min_samples_leaf"": 88, ""l2_regularization"": 4.115137453384958e-08, ""max_bins"": 181}",0.851301612704219
aortic_stenosis_moderate_or_greater_flag,HistGradientBoostingClassifier,35,"{""learning_rate"": 0.024537098131548266, ""max_iter"": 136, ""max_leaf_nodes"": 84, ""min_samples_leaf"": 88, ""l2_regularization"": 3.708130104740798e-07, ""max_bins"": 165}",0.8508520768465898
aortic_stenosis_moderate_or_greater_flag,HistGradientBoostingClassifier,36,"{""learning_rate"": 0.029375564684168957, ""max_iter"": 126, ""max_leaf_nodes"": 71, ""min_samples_leaf"": 116, ""l2_regularization"": 6.339073707147689e-08, ""max_bins"": 162}",0.8563512929939543
aortic_stenosis_moderate_or_greater_flag,HistGradientBoostingClassifier,37,"{""learning_rate"": 0.012833071516456847, ""max_iter"": 454, ""max_leaf_nodes"": 91, ""min_samples_leaf"": 141, ""l2_regularization"": 7.441353152393583e-08, ""max_bins"": 249}",0.8527781406725166
aortic_stenosis_moderate_or_greater_flag,HistGradientBoostingClassifier,38,"{""learning_rate"": 0.061965566996120276, ""max_iter"": 63, ""max_leaf_nodes"": 55, ""min_samples_leaf"": 65, ""l2_regularization"": 2.3645441576559964e-08, ""max_bins"": 112}",0.8562859719409789
aortic_stenosis_moderate_or_greater_flag,HistGradientBoostingClassifier,39,"{""learning_rate"": 0.054792290303932976, ""max_iter"": 158, ""max_leaf_nodes"": 69, ""min_samples_leaf"": 60, ""l2_regularization"": 3.625407594134729e-08, ""max_bins"": 122}",0.8562601156908428
aortic_stenosis_moderate_or_greater_flag,LogisticRegression,0,"{""C"": 0.017670169402947963, ""penalty_solver"": ""l2_lbfgs"", ""class_weight"": ""balanced""}",0.8620909269057417
aortic_stenosis_moderate_or_greater_flag,LogisticRegression,1,"{""C"": 0.4042872735027334, ""penalty_solver"": ""l1_liblinear"", ""class_weight"": ""balanced""}",0.8624474709865656
